SN,IP Delay (ms)
1,20.129919052124023
2,19.016027450561523
3,19.00005340576172
4,17.98081398010254
5,20.273923873901367
6,16.494035720825195
7,16.488075256347656
8,16.366958618164062
9,16.3419246673584
10,20.704030990600582
11,21.104097366333008
12,21.10505104064941
13,20.967960357666016
14,20.954132080078125
15,20.95198631286621
16,20.813941955566406
17,20.863056182861328
18,20.71094512939453
19,20.69997787475586
20,20.581960678100582
21,20.56288719177246
22,20.447969436645508
23,20.43485641479492
24,20.41912078857422
25,20.28799057006836
26,20.29609680175781
27,20.156145095825195
28,20.16806602478028
29,20.023107528686523
30,20.014047622680664
31,19.87481117248535
32,19.891977310180664
33,19.765853881835938
34,19.750118255615234
35,19.639015197753903
36,19.634008407592773
37,19.49787139892578
38,19.509077072143555
39,19.34409141540528
40,19.412994384765625
41,19.28281784057617
42,19.26589012145996
43,19.082069396972656
44,19.102096557617188
45,19.09089088439941
46,18.964052200317383
47,18.945932388305664
48,18.810033798217773
49,18.79191398620605
50,18.652915954589844
51,18.657922744750977
52,18.533945083618164
53,18.538951873779297
54,18.421173095703125
55,18.414974212646484
56,18.4018611907959
57,18.254995346069336
58,18.24593544006348
59,18.15104484558105
60,18.129825592041016
61,18.04494857788086
62,18.049001693725582
63,17.889022827148438
64,17.90785789489746
65,17.745018005371094
66,17.735958099365234
67,17.602920532226562
68,17.60411262512207
69,17.49706268310547
70,17.488956451416016
71,17.336130142211914
72,17.319917678833008
73,17.174959182739258
74,17.18902587890625
75,17.189979553222656
76,17.05789566040039
77,17.035961151123047
78,16.89910888671875
79,16.888141632080078
80,16.74199104309082
81,16.735076904296875
82,16.620874404907227
83,16.604185104370117
84,16.47806167602539
85,16.47496223449707
86,16.451120376586914
87,16.33310317993164
88,16.34502410888672
89,21.23403549194336
90,21.088838577270508
91,21.08287811279297
92,20.9341049194336
93,20.93696594238281
94,20.80702781677246
95,20.81012725830078
96,20.78700065612793
97,20.67708969116211
98,20.615816116333008
99,20.53308486938477
100,20.548105239868164
101,20.41292190551757
102,20.408153533935547
103,20.27606964111328
104,20.28107643127441
105,20.124197006225582
106,20.082950592041016
107,20.069122314453125
108,19.97709274291992
109,19.97900009155273
110,19.852876663208008
111,19.824981689453125
112,19.694089889526367
113,19.69599723815918
114,19.565105438232425
115,19.572019577026367
116,19.437074661254883
117,19.437074661254883
118,19.29497718811035
119,19.29903030395508
120,19.14691925048828
121,19.1500186920166
122,19.002914428710938
123,19.00196075439453
124,18.8899040222168
125,18.877029418945312
126,18.876075744628903
127,18.73612403869629
128,18.73111724853516
129,18.60690116882324
130,18.589019775390625
131,18.477916717529297
132,18.47386360168457
133,18.350839614868164
134,18.33581924438477
135,18.204927444458008
136,18.204927444458008
137,18.22090148925781
138,18.082141876220703
139,18.108129501342773
140,17.943143844604492
141,17.950057983398438
142,17.831087112426758
143,17.795801162719727
144,17.668962478637695
145,17.683029174804688
146,17.53687858581543
147,17.533063888549805
148,17.518997192382812
149,17.393112182617188
150,17.405986785888672
151,17.249107360839844
152,17.268896102905273
153,17.122983932495117
154,17.132997512817383
155,16.97707176208496
156,17.001867294311523
157,16.859054565429688
158,16.862869262695312
159,16.707897186279297
160,16.709089279174805
161,16.59989356994629
162,16.58010482788086
163,16.457080841064453
164,16.458988189697266
165,16.339778900146484
166,16.327857971191406
167,16.31784439086914
168,16.19696617126465
169,21.093130111694336
170,21.10791206359864
171,21.012067794799805
172,20.99609375
173,20.86496353149414
174,20.838022232055664
175,20.73907852172852
176,20.74909210205078
177,20.59316635131836
178,20.573139190673828
179,20.55811882019043
180,20.423173904418945
181,20.43914794921875
182,20.298004150390625
183,20.29705047607422
184,20.158052444458008
185,20.16687393188477
186,20.023107528686523
187,20.01786231994629
188,20.01595497131348
189,19.880056381225582
190,19.87600326538086
191,19.7451114654541
192,19.72508430480957
193,19.60110664367676
194,19.61994171142578
195,19.501924514770508
196,19.45710182189941
197,19.3328857421875
198,19.31095123291016
199,19.331932067871094
200,19.178152084350582
201,19.199132919311523
202,19.0420150756836
203,19.05202865600586
204,18.95904541015625
205,18.934965133666992
206,18.80097389221192
207,18.805980682373047
208,18.64504814147949
209,18.691062927246094
210,18.54181289672852
211,18.568992614746094
212,18.41402053833008
213,18.39303970336914
214,18.28289031982422
215,18.24808120727539
216,18.21017265319824
217,18.16391944885254
218,18.01609992980957
219,18.007993698120117
220,17.9898738861084
221,17.868995666503906
222,17.856836318969727
223,17.737150192260742
224,17.714977264404297
225,17.5931453704834
226,17.580032348632812
227,17.43912696838379
228,17.467021942138672
229,17.470121383666992
230,17.319202423095703
231,17.335891723632812
232,17.203092575073242
233,17.177820205688477
234,17.063140869140625
235,17.0438289642334
236,16.946077346801758
237,16.941070556640625
238,16.85500144958496
239,16.84713363647461
240,16.715049743652344
241,16.72196388244629
242,16.572952270507812
243,16.4339542388916
244,16.265153884887695
245,16.33000373840332
246,21.164894104003903
247,21.18086814880371
248,21.125078201293945
249,21.01588249206543
250,21.041154861450195
251,20.886898040771484
252,20.67089080810547
253,20.509004592895508
254,20.517826080322266
255,20.38192749023437
256,20.44391632080078
257,20.264863967895508
258,20.26009559631348
259,20.092010498046875
260,20.086050033569336
261,19.955873489379883
262,19.98615264892578
263,19.8209285736084
264,19.819021224975582
265,19.809961318969727
266,19.68693733215332
267,19.721031188964844
268,19.568920135498047
269,19.57392692565918
270,19.4089412689209
271,19.40608024597168
272,19.302845001220703
273,19.301176071166992
274,19.29593086242676
275,19.14381980895996
276,19.171953201293945
277,18.99409294128418
278,19.044160842895508
279,18.88012886047364
280,18.896818161010746
281,18.77403259277344
282,18.76306533813477
283,18.594980239868164
284,18.59903335571289
285,18.48292350769043
286,18.49508285522461
287,18.37611198425293
288,18.321990966796875
289,18.18990707397461
290,18.208026885986328
291,18.091917037963867
292,18.07093620300293
293,17.939090728759766
294,17.95196533203125
295,17.908096313476562
296,17.79794692993164
297,17.837047576904297
298,17.66800880432129
299,17.70496368408203
300,17.540931701660156
301,17.54617691040039
302,17.407894134521484
303,17.412900924682617
304,17.261981964111328
305,17.28200912475586
306,17.2579288482666
307,17.129182815551758
308,17.104148864746094
309,16.963958740234375
310,16.962051391601562
311,16.83187484741211
312,16.88098907470703
313,16.74509048461914
314,16.683101654052734
315,16.565799713134766
316,16.58487319946289
317,16.460180282592773
318,16.459941864013672
319,16.327857971191406
320,16.284942626953125
321,16.171932220458984
322,21.22712135314941
323,21.0878849029541
324,21.05903625488281
325,21.082162857055664
326,20.92599868774414
327,20.90907096862793
328,20.797014236450195
329,20.789146423339844
330,20.663976669311523
331,20.66183090209961
332,20.539045333862305
333,20.574092864990234
334,20.396947860717773
335,20.416975021362305
336,20.255088806152344
337,20.28489112854004
338,20.158052444458008
339,20.14899253845215
340,20.04599571228028
341,19.97900009155273
342,19.89603042602539
343,19.85502243041992
344,19.730091094970703
345,19.73891258239746
346,19.73915100097656
347,19.600868225097656
348,19.570112228393555
349,19.474029541015625
350,19.45805549621582
351,19.318819046020508
352,19.31905746459961
353,19.18482780456543
354,19.212007522583008
355,19.086122512817383
356,19.052982330322266
357,19.03820037841797
358,18.918991088867188
359,18.934011459350582
360,18.776893615722656
361,18.778085708618164
362,18.63908767700196
363,18.63694190979004
364,18.509864807128903
365,18.51892471313477
366,18.39900016784668
367,18.416166305541992
368,18.26691627502441
369,18.26715469360352
370,18.14794540405273
371,18.09906959533692
372,17.998933792114258
373,17.956972122192383
374,17.83609390258789
375,17.83895492553711
376,17.828941345214844
377,17.69113540649414
378,17.71402359008789
379,17.5631046295166
380,17.565011978149414
381,17.43912696838379
382,17.43912696838379
383,17.284870147705078
384,17.30203628540039
385,17.156124114990234
386,17.176151275634766
387,17.174959182739258
388,17.0440673828125
389,17.026901245117188
390,16.908884048461914
391,16.883134841918945
392,16.772031784057617
393,16.763925552368164
394,16.640901565551758
395,16.618013381958008
396,16.505956649780273
397,16.48402214050293
398,16.489028930664062
399,16.35599136352539
400,16.348838806152344
401,16.21389389038086
402,21.132946014404297
403,21.129131317138672
404,20.99204063415528
405,20.98608016967773
406,20.87092399597168
407,20.84207534790039
408,20.83301544189453
409,20.71404457092285
410,20.699024200439453
411,20.581960678100582
412,20.5690860748291
413,20.450115203857425
414,20.43604850769043
415,20.32303810119629
416,20.30181884765625
417,20.18594741821289
418,20.17998695373535
419,20.04003524780273
420,20.051002502441406
421,19.910097122192383
422,19.91605758666992
423,19.775867462158203
424,19.762039184570312
425,19.63186264038086
426,19.627094268798828
427,19.637107849121094
428,19.52981948852539
429,19.511938095092773
430,19.381046295166016
431,19.389867782592773
432,19.2720890045166
433,19.292116165161133
434,19.13094520568848
435,19.109010696411133
436,19.03009414672852
437,19.02294158935547
438,19.03581619262696
439,18.928050994873047
440,18.891096115112305
441,18.76997947692871
442,18.76306533813477
443,18.618106842041016
444,18.60785484313965
445,18.463134765625
446,18.46098899841309
447,18.31316947937012
448,18.329858779907227
449,18.32103729248047
450,18.179893493652344
451,18.197059631347656
452,18.08905601501465
453,18.01896095275879
454,17.951011657714844
455,17.930030822753906
456,17.795085906982422
457,17.817020416259766
458,17.702102661132812
459,17.645835876464844
460,17.54617691040039
461,17.506122589111328
462,17.38595962524414
463,17.36903190612793
464,17.25006103515625
465,17.225980758666992
466,17.11893081665039
467,17.09294319152832
468,17.09604263305664
469,16.964197158813477
470,16.97993278503418
471,16.860008239746094
472,16.854047775268555
473,16.721010208129883
474,16.703128814697266
475,16.57700538635254
476,16.582012176513672
477,16.457080841064453
478,16.459941864013672
479,16.48402214050293
480,16.335010528564453
481,16.314983367919922
482,21.23689651489257
483,21.094799041748047
484,21.097898483276367
485,20.93982696533203
486,20.94388008117676
487,20.832061767578125
488,20.80607414245605
489,20.81608772277832
490,20.68710327148437
491,20.67804336547852
492,20.548105239868164
493,20.55907249450684
494,20.425796508789062
495,20.40982246398925
496,20.280838012695312
497,20.295143127441406
498,20.158052444458008
499,20.164012908935547
500,20.145893096923828
501,20.02120018005371
502,19.996166229248047
503,19.870996475219727
504,19.875049591064453
505,19.7439193725586
506,19.726037979125977
507,19.598960876464844
508,19.59013938903809
509,19.448041915893555
510,19.43802833557129
511,19.31285858154297
512,19.30093765258789
513,19.18911933898925
514,19.18196678161621
515,19.04582977294922
516,19.03510093688965
517,18.91112327575684
518,18.887996673583984
519,18.78499984741211
520,18.751144409179688
521,18.75615119934082
522,18.620967864990234
523,18.630027770996094
524,18.496990203857425
525,18.494844436645508
526,18.342018127441406
527,18.33796501159668
528,18.198013305664062
529,18.192052841186523
530,18.18704605102539
531,18.06306838989257
532,18.085956573486328
533,17.969846725463867
534,17.969131469726562
535,17.82703399658203
536,17.815828323364258
537,17.696142196655273
538,17.688989639282227
539,17.59791374206543
540,17.56596565246582
541,17.419815063476562
542,17.42100715637207
543,17.293930053710938
544,17.256975173950195
545,17.117023468017578
546,17.116785049438477
547,16.98613166809082
548,16.98780059814453
549,16.842126846313477
550,16.84284210205078
551,16.839981079101562
552,16.716957092285156
553,16.698837280273438
554,16.577959060668945
555,16.571044921875
556,16.41392707824707
557,16.458988189697266
558,16.291141510009766
559,16.31784439086914
560,16.145944595336914
561,21.224021911621094
562,21.075963973999023
563,21.10505104064941
564,20.954132080078125
565,20.977020263671875
566,20.865917205810547
567,20.85089683532715
568,20.698070526123047
569,20.69091796875
570,20.57194709777832
571,20.591020584106445
572,20.54905891418457
573,20.43390274047852
574,20.41101455688477
575,20.277023315429688
576,20.29204368591309
577,20.142078399658203
578,20.119190216064453
579,20.01309394836425
580,19.993066787719727
581,20.00594139099121
582,19.87600326538086
583,19.845008850097656
584,19.71101760864257
585,19.691944122314453
586,19.55604553222656
587,19.572019577026367
588,19.44184303283692
589,19.42682266235352
590,19.325971603393555
591,19.30713653564453
592,19.17099952697754
593,19.15717124938965
594,19.037961959838867
595,19.03510093688965
596,18.924951553344727
597,18.9058780670166
598,18.77117156982422
599,18.78905296325684
600,18.630027770996094
601,18.62311363220215
602,18.620014190673828
603,18.49007606506348
604,18.435955047607425
605,18.33391189575196
606,18.33486557006836
607,18.197059631347656
608,18.173933029174805
609,18.080949783325195
610,18.05591583251953
611,17.924785614013672
612,17.926931381225586
613,17.925024032592773
614,17.789125442504883
615,17.755985260009766
616,17.64202117919922
617,17.663955688476562
618,17.503976821899414
619,17.544984817504883
620,17.38905906677246
621,17.40097999572754
622,17.406940460205078
623,17.238855361938477
624,17.245054244995117
625,17.13395118713379
626,17.141103744506836
627,16.993045806884766
628,16.97707176208496
629,16.844987869262695
630,16.846179962158203
631,16.71123504638672
632,16.695022583007812
633,17.699003219604492
634,16.536951065063477
635,16.563892364501953
636,16.407012939453125
637,16.418933868408203
638,16.282081604003906
639,16.2808895111084
640,21.224021911621094
641,21.20089530944824
642,21.03114128112793
643,21.07095718383789
644,20.93386650085449
645,20.92790603637696
646,20.772933959960938
647,20.78104019165039
648,20.648956298828125
649,20.65610885620117
650,20.5080509185791
651,20.5228328704834
652,20.39504051208496
653,20.39790153503418
654,20.38502693176269
655,20.282983779907227
656,20.24698257446289
657,20.148038864135746
658,20.123958587646484
659,21.765947341918945
660,19.967079162597656
661,19.83904838562012
662,19.83785629272461
663,19.71101760864257
664,19.689083099365234
665,19.70195770263672
666,19.546985626220703
667,19.55103874206543
668,19.43492889404297
669,19.444942474365234
670,19.27995681762696
671,19.297122955322266
672,19.16217803955078
673,19.16098594665528
674,19.156932830810547
675,19.021987915039062
676,19.02914047241211
677,18.92280578613281
678,18.91517639160156
679,18.776893615722656
680,18.771886825561523
681,18.65696907043457
682,18.67318153381348
683,18.521785736083984
684,18.51201057434082
685,18.37420463562012
686,18.36800575256348
687,18.229961395263672
688,18.225908279418945
689,18.11814308166504
690,18.100976943969727
691,17.94910430908203
692,17.979860305786133
693,17.838001251220703
694,17.839908599853516
695,17.83895492553711
696,17.726898193359375
697,17.721891403198242
698,17.600059509277344
699,17.59505271911621
700,17.468929290771484
701,17.442941665649414
702,17.326831817626953
703,17.30513572692871
704,17.19379425048828
705,17.208099365234375
706,17.17400550842285
707,17.045974731445312
708,17.05002784729004
709,16.907930374145508
710,16.907930374145508
711,16.790151596069336
712,16.777992248535156
713,16.65496826171875
714,16.644954681396484
715,16.505002975463867
716,16.498088836669922
717,16.367197036743164
718,16.34979248046875
719,16.231060028076172
720,16.24011993408203
721,21.129131317138672
722,21.11291885375977
723,21.00992202758789
724,20.99204063415528
725,20.8730697631836
726,20.87187767028809
727,20.879030227661133
728,20.7209587097168
729,20.74503898620605
730,20.581960678100582
731,20.60103416442871
732,20.47204971313477
733,20.47896385192871
734,20.36404609680176
735,20.329952239990234
736,20.21002769470215
737,20.186901092529297
738,20.07699012756348
739,20.0650691986084
740,19.9429988861084
741,19.9270248413086
742,19.80805397033692
743,19.79303359985352
744,19.69599723815918
745,19.70505714416504
746,19.64092254638672
747,19.53411102294922
748,19.506216049194336
749,19.395112991333008
750,19.36888694763184
751,19.24920082092285
752,19.238948822021484
753,19.102096557617188
754,19.12808418273925
755,18.987178802490234
756,18.9669132232666
757,18.954992294311523
758,18.86606216430664
759,18.83816719055176
760,18.704891204833984
761,18.707990646362305
762,18.58305931091309
763,18.57304573059082
764,18.45788955688477
765,18.4628963470459
766,18.33796501159668
767,18.3258056640625
768,18.18704605102539
769,18.193960189819336
770,18.0509090423584
771,18.001079559326172
772,17.9140567779541
773,17.90785789489746
774,17.776966094970703
775,17.78388023376465
776,17.659902572631836
777,17.673015594482422
778,17.68803596496582
779,17.500877380371094
780,17.38905906677246
781,17.35091209411621
782,17.258167266845703
783,17.260074615478516
784,17.11893081665039
785,17.115116119384766
786,17.114877700805664
787,16.972064971923828
788,16.975879669189453
789,16.83497428894043
790,16.817092895507812
791,16.705036163330078
792,16.685009002685547
793,16.53909683227539
794,16.54195785522461
795,16.422033309936523
796,16.416072845458984
797,16.299009323120117
798,16.28589630126953
799,21.21901512145996
800,21.179914474487305
801,21.090030670166016
802,21.043062210083008
803,20.91693878173828
804,20.886898040771484
805,20.759105682373047
806,20.74885368347168
807,20.74813842773437
808,20.633935928344727
809,20.630836486816406
810,20.50399780273437
811,20.50113677978516
812,20.3249454498291
813,20.38788795471192
814,20.2021598815918
815,20.22099494934082
816,20.11299133300781
817,20.10107040405273
818,19.932985305786133
819,19.926071166992188
820,19.79899406433105
821,19.80805397033692
822,19.694089889526367
823,19.654035568237305
824,19.55294609069824
825,19.540786743164062
826,19.44112777709961
827,19.37389373779297
828,19.37103271484375
829,19.26898956298828
830,19.268035888671875
831,19.13905143737793
832,19.14691925048828
833,19.0119743347168
834,18.992900848388672
835,18.89204978942871
836,18.88704299926757
837,18.86296272277832
838,18.70393753051757
839,18.769025802612305
840,18.623828887939453
841,18.6309814453125
842,18.484115600585938
843,18.44501495361328
844,18.351078033447266
845,18.35012435913086
846,18.20206642150879
847,18.2180404663086
848,18.06497573852539
849,18.06902885437012
850,17.892837524414062
851,17.92001724243164
852,17.837047576904297
853,17.776012420654297
854,17.661094665527344
855,17.697811126708984
856,17.6699161529541
857,17.52185821533203
858,17.54593849182129
859,17.446041107177734
860,17.395973205566406
861,17.273902893066406
862,17.25482940673828
863,17.12203025817871
864,17.130136489868164
865,17.01807975769043
866,17.000198364257812
867,16.849994659423828
868,16.863107681274414
869,16.906023025512695
870,16.701936721801758
871,16.726970672607422
872,16.559123992919922
873,16.59393310546875
874,16.442060470581055
875,16.436100006103516
876,16.309022903442383
877,16.314983367919922
878,16.314029693603516
879,21.22712135314941
880,21.0878849029541
881,21.05498313903809
882,20.90096473693848
883,20.956993103027344
884,20.81894874572754
885,20.797014236450195
886,20.68495750427246
887,20.663976669311523
888,20.65706253051757
889,20.545005798339844
890,20.53403854370117
891,20.4010009765625
892,20.383119583129883
893,20.26581764221192
894,20.28894424438477
895,20.10703086853028
896,20.143985748291016
897,19.989967346191406
898,19.989967346191406
899,19.861936569213867
900,19.84691619873047
901,19.728899002075195
902,19.70410346984864
903,19.58799362182617
904,19.572019577026367
905,19.58799362182617
906,19.446134567260746
907,19.42992210388184
908,19.30403709411621
909,19.32692527770996
910,19.182920455932617
911,19.169092178344727
912,19.037961959838867
913,19.047021865844727
914,18.89514923095703
915,18.9058780670166
916,18.787860870361328
917,18.79286766052246
918,18.665075302124023
919,18.66602897644043
920,18.659114837646484
921,18.515825271606445
922,18.497943878173828
923,18.383026123046875
924,18.40806007385254
925,18.260955810546875
926,18.24307441711425
927,18.110036849975582
928,18.12911033630371
929,18.131017684936523
930,17.993927001953125
931,17.98415184020996
932,17.884016036987305
933,17.901897430419922
934,17.69089698791504
935,17.708778381347656
936,17.578840255737305
937,17.578125
938,17.444133758544922
939,17.454147338867188
940,17.31085777282715
941,17.359018325805664
942,17.18592643737793
943,17.18306541442871
944,17.04096794128418
945,17.02594757080078
946,16.88694953918457
947,16.89910888671875
948,16.746044158935547
949,16.741037368774414
950,16.726970672607422
951,16.644954681396484
952,16.633033752441406
953,16.492843627929688
954,16.48998260498047
955,16.360998153686523
956,16.36195182800293
957,16.23702049255371
958,16.235828399658203
959,21.136045455932617
960,21.140098571777344
961,20.98989486694336
962,20.99490165710449
963,20.882129669189453
964,20.91383934020996
965,20.752906799316406
966,20.756006240844727
967,20.602941513061523
968,20.62201499938965
969,20.493030548095703
970,20.524024963378903
971,20.47109603881836
972,20.352840423583984
973,20.310163497924805
974,20.19190788269043
975,20.185232162475582
976,20.068883895874023
977,20.039081573486328
978,19.94800567626953
979,19.9429988861084
980,19.819974899291992
981,19.804000854492188
982,19.807100296020508
983,19.667863845825195
984,19.701004028320312
985,19.52695846557617
986,19.52815055847168
987,19.376039505004883
988,19.392967224121094
989,19.257068634033203
990,19.268035888671875
991,19.140005111694336
992,19.118070602416992
993,18.99099349975586
994,19.00005340576172
995,18.865108489990234
996,18.845081329345703
997,18.710851669311523
998,18.71204376220703
999,18.59116554260254
1000,18.59712600708008
1001,18.58210563659668
1002,18.442869186401367
1003,18.4478759765625
1004,18.33891868591309
1005,18.28312873840332
1006,18.16701889038086
1007,18.20993423461914
1008,18.08786392211914
1009,18.066883087158203
1010,17.93503761291504
1011,17.951011657714844
1012,17.95792579650879
1013,17.814159393310547
1014,17.832040786743164
1015,17.65894889831543
1016,17.695903778076172
1017,17.534971237182617
1018,17.537832260131836
1019,17.42100715637207
1020,17.40097999572754
1021,17.271041870117188
1022,17.261981964111328
1023,17.156124114990234
1024,17.12489128112793
1025,16.96610450744629
1026,17.004966735839844
1027,16.869068145751953
1028,16.87002182006836
1029,16.724109649658203
1030,16.726016998291016
1031,16.748905181884766
1032,16.62588119506836
1033,16.58010482788086
1034,16.467809677124023
1035,16.463041305541992
1036,16.348838806152344
1037,16.319990158081055
1038,16.195058822631836
1039,21.22783660888672
1040,21.088123321533203
1041,21.09694480895996
1042,20.971059799194336
1043,20.97320556640625
1044,20.834922790527344
1045,20.8280086517334
1046,20.685911178588867
1047,20.67708969116211
1048,20.573854446411133
1049,20.55597305297852
1050,20.465850830078125
1051,20.429134368896484
1052,20.44892311096192
1053,20.29705047607422
1054,20.209074020385746
1055,20.13993263244629
1056,20.07293701171875
1057,20.05195617675781
1058,19.955873489379883
1059,19.96111869812012
1060,19.824981689453125
1061,19.79804039001465
1062,19.728899002075195
1063,19.689083099365234
1064,19.58298683166504
1065,19.511938095092773
1066,19.46496963500977
1067,19.450902938842773
1068,19.321918487548828
1069,19.31405067443848
1070,19.23203468322754
1071,19.1500186920166
1072,19.08111572265625
1073,19.02318000793457
1074,18.960952758789062
1075,18.92399787902832
1076,18.82004737854004
1077,18.76711845397949
1078,18.690109252929688
1079,18.71204376220703
1080,18.55301856994629
1081,18.540143966674805
1082,18.491029739379883
1083,18.46599578857422
1084,18.36109161376953
1085,18.3100700378418
1086,18.235206604003903
1087,18.167972564697266
1088,18.09000968933105
1089,18.02301406860352
1090,17.952919006347656
1091,17.96698570251465
1092,17.788171768188477
1093,17.819881439208984
1094,17.71688461303711
1095,17.668962478637695
1096,17.59195327758789
1097,17.535924911499023
1098,17.442941665649414
1099,17.412900924682617
1100,17.40884780883789
1101,17.27604866027832
1102,17.251014709472656
1103,17.188072204589844
1104,17.108917236328125
1105,17.061948776245117
1106,17.00115203857422
1107,16.927003860473633
1108,16.88098907470703
1109,16.80612564086914
1110,16.728878021240234
1111,16.67189598083496
1112,16.64590835571289
1113,16.53885841369629
1114,16.51597023010254
1115,16.453981399536133
1116,16.360998153686523
1117,16.29495620727539
1118,16.225099563598633
1119,21.171092987060547
1120,21.090984344482425
1121,21.02804183959961
1122,21.00396156311035
1123,20.87092399597168
1124,20.8730697631836
1125,20.80392837524414
1126,20.73907852172852
1127,20.679950714111328
1128,20.42388916015625
1129,20.426034927368164
1130,20.249128341674805
1131,20.282983779907227
1132,20.139217376708984
1133,20.111799240112305
1134,20.05290985107422
1135,19.9880599975586
1136,19.91891860961914
1137,19.83904838562012
1138,19.76299285888672
1139,19.70696449279785
1140,19.72794532775879
1141,19.636154174804688
1142,19.567012786865234
1143,19.49000358581543
1144,19.41800117492676
1145,19.351959228515625
1146,19.30999755859375
1147,19.22297477722168
1148,19.160032272338867
1149,19.070863723754883
1150,19.075870513916016
1151,18.955230712890625
1152,18.899917602539062
1153,18.815994262695312
1154,18.8291072845459
1155,18.66912841796875
1156,18.646955490112305
1157,18.61286163330078
1158,18.55111122131348
1159,18.51201057434082
1160,18.46504211425781
1161,18.38397979736328
1162,18.29814910888672
1163,18.213987350463867
1164,18.24283599853516
1165,18.08404922485352
1166,18.04208755493164
1167,17.95482635498047
1168,17.97795295715332
1169,17.82512664794922
1170,17.805814743041992
1171,17.739057540893555
1172,17.675161361694336
1173,17.60387420654297
1174,17.537832260131836
1175,17.479896545410156
1176,17.43292808532715
1177,17.329931259155273
1178,17.329931259155273
1179,17.200946807861328
1180,17.195940017700195
1181,17.122983932495117
1182,17.06218719482422
1183,16.978979110717773
1184,16.92509651184082
1185,16.827821731567383
1186,16.77989959716797
1187,16.694068908691406
1188,16.674041748046875
1189,16.596078872680664
1190,16.532182693481445
1191,16.470909118652344
1192,16.464948654174805
1193,16.314029693603516
1194,16.332149505615234
1195,16.24894142150879
1196,21.16703987121582
1197,21.16084098815918
1198,21.0871696472168
1199,21.0111141204834
1200,20.973920822143555
1201,20.880937576293945
1202,20.80297470092773
1203,20.73907852172852
1204,20.671844482421875
1205,20.65396308898925
1206,20.51711082458496
1207,20.55501937866211
1208,20.426034927368164
1209,20.402908325195312
1210,20.328998565673828
1211,20.2639102935791
1212,20.19810676574707
1213,20.13278007507324
1214,20.05791664123535
1215,19.962072372436523
1216,19.91105079650879
1217,19.92678642272949
1218,19.767045974731445
1219,19.73199844360352
1220,19.700050354003903
1221,19.64807510375977
1222,19.57106590270996
1223,19.51813697814941
1224,19.415855407714844
1225,19.395828247070312
1226,19.32692527770996
1227,19.26898956298828
1228,19.18506622314453
1229,19.118070602416992
1230,19.071102142333984
1231,19.064903259277344
1232,18.91303062438965
1233,18.91016960144043
1234,18.85604858398437
1235,18.76187324523925
1236,18.70393753051757
1237,18.62502098083496
1238,18.557071685791016
1239,18.49198341369629
1240,18.4481143951416
1241,18.46504211425781
1242,18.27096939086914
1243,18.26691627502441
1244,18.21303367614746
1245,18.156051635742188
1246,18.05901527404785
1247,17.99607276916504
1248,17.917871475219727
1249,17.83895492553711
1250,17.776966094970703
1251,17.76409149169922
1252,17.66800880432129
1253,17.63606071472168
1254,17.561912536621094
1255,17.482995986938477
1256,17.45295524597168
1257,17.37213134765625
1258,17.307043075561523
1259,17.281055450439453
1260,17.140865325927734
1261,17.126083374023438
1262,17.059803009033203
1263,16.987085342407227
1264,16.924142837524414
1265,16.85190200805664
1266,16.782045364379883
1267,16.725778579711914
1268,16.62921905517578
1269,16.46590232849121
1270,16.47806167602539
1271,16.419172286987305
1272,16.342878341674805
1273,16.259193420410156
1274,16.206979751586914
1275,21.192073822021484
1276,21.11506462097168
1277,21.07095718383789
1278,21.005868911743164
1279,20.91503143310547
1280,20.83301544189453
1281,20.81012725830078
1282,20.72405815124512
1283,20.721912384033203
1284,20.627975463867188
1285,20.633935928344727
1286,20.49589157104492
1287,20.29204368591309
1288,20.19286155700684
1289,20.12801170349121
1290,20.07699012756348
1291,19.992828369140625
1292,19.942045211791992
1293,19.86002922058105
1294,19.852876663208008
1295,19.76895332336425
1296,19.70791816711425
1297,19.64879035949707
1298,19.562959671020508
1299,19.492149353027344
1300,19.47498321533203
1301,19.366979598999023
1302,19.376039505004883
1303,19.22488212585449
1304,19.23489570617676
1305,19.147872924804688
1306,19.10400390625
1307,18.94497871398925
1308,18.964052200317383
1309,18.88608932495117
1310,18.83220672607422
1311,18.72801780700684
1312,18.674135208129883
1313,18.58997344970703
1314,18.59092712402344
1315,18.47100257873535
1316,18.48888397216797
1317,18.346071243286133
1318,18.34392547607422
1319,18.27001571655273
1320,18.21303367614746
1321,18.14794540405273
1322,18.082141876220703
1323,18.002033233642578
1324,17.94600486755371
1325,17.92001724243164
1326,17.824888229370117
1327,17.74287223815918
1328,17.754793167114258
1329,17.684221267700195
1330,17.607927322387695
1331,17.52495765686035
1332,17.447948455810547
1333,17.44699478149414
1334,17.3490047454834
1335,17.342090606689453
1336,17.20905303955078
1337,17.23194122314453
1338,17.123937606811523
1339,17.049074172973633
1340,16.99519157409668
1341,16.926050186157227
1342,16.85190200805664
1343,16.77393913269043
1344,16.726970672607422
1345,16.65186882019043
1346,16.588926315307617
1347,16.499996185302734
1348,16.445159912109375
1349,16.427993774414062
1350,16.29185676574707
1351,16.27802848815918
1352,16.2351131439209
1353,21.14391326904297
1354,21.085023880004883
1355,21.029949188232425
1356,20.98417282104492
1357,20.86091041564941
1358,20.834922790527344
1359,20.80893516540528
1360,20.67804336547852
1361,20.66302299499512
1362,20.60508728027344
1363,20.532846450805664
1364,20.444869995117188
1365,20.370960235595703
1366,20.31111717224121
1367,20.22099494934082
1368,20.173072814941406
1369,20.10583877563477
1370,20.05290985107422
1371,20.02096176147461
1372,19.887924194335938
1373,19.912004470825195
1374,19.850969314575195
1375,19.75393295288086
1376,19.75393295288086
1377,19.64306831359864
1378,19.56486701965332
1379,19.47498321533203
1380,19.49000358581543
1381,19.363880157470703
1382,19.392013549804688
1383,19.301891326904297
1384,19.21701431274414
1385,19.08707618713379
1386,19.09708976745605
1387,19.054174423217773
1388,18.97621154785156
1389,18.89491081237793
1390,18.826961517333984
1391,18.748044967651367
1392,18.754959106445312
1393,18.61500740051269
1394,18.61000061035156
1395,18.5391902923584
1396,18.46098899841309
1397,18.36585998535156
1398,18.321990966796875
1399,18.27478408813477
1400,18.21589469909668
1401,18.129825592041016
1402,18.064022064208984
1403,18.007993698120117
1404,18.006086349487305
1405,17.879962921142578
1406,17.853975296020508
1407,17.792940139770508
1408,17.73381233215332
1409,17.64202117919922
1410,17.596006393432617
1411,17.505884170532227
1412,17.49897003173828
1413,17.370939254760742
1414,17.321109771728516
1415,17.255067825317383
1416,17.221927642822266
1417,17.107009887695312
1418,17.112016677856445
1419,17.026185989379883
1420,16.9680118560791
1421,16.9069766998291
1422,16.846895217895508
1423,16.788959503173828
1424,16.69907569885254
1425,16.605138778686523
1426,16.617774963378906
1427,16.556978225708008
1428,16.48712158203125
1429,16.41392707824707
1430,16.349077224731445
1431,16.26896858215332
1432,16.206026077270508
1433,21.171092987060547
1434,21.14200592041016
1435,21.02494239807129
1436,20.971059799194336
1437,20.888090133666992
1438,20.895004272460938
1439,20.780086517333984
1440,20.707130432128903
1441,20.708084106445312
1442,20.596981048583984
1443,20.58076858520508
1444,20.51401138305664
1445,20.44105529785156
1446,20.394086837768555
1447,20.14017105102539
1448,20.039081573486328
1449,20.01595497131348
1450,19.961833953857425
1451,19.926071166992188
1452,19.851207733154297
1453,19.786834716796875
1454,19.668102264404297
1455,19.61398124694824
1456,19.53887939453125
1457,19.47808265686035
1458,19.43588256835937
1459,19.336938858032227
1460,19.318103790283203
1461,19.272804260253903
1462,19.179105758666992
1463,19.146203994750977
1464,19.03295516967773
1465,18.9809799194336
1466,18.89610290527344
1467,18.85008811950684
1468,18.759965896606445
1469,18.7070369720459
1470,18.69487762451172
1471,18.577098846435547
1472,18.557071685791016
1473,18.497943878173828
1474,18.42594146728516
1475,18.37897300720215
1476,18.316984176635746
1477,18.254995346069336
1478,18.182992935180664
1479,18.12386512756348
1480,18.043994903564453
1481,17.98391342163086
1482,17.980098724365234
1483,17.84801483154297
1484,17.856121063232422
1485,17.7609920501709
1486,17.67587661743164
1487,17.637014389038086
1488,17.544984817504883
1489,17.477989196777344
1490,17.40097999572754
1491,17.370939254760742
1492,17.344951629638672
1493,17.19212532043457
1494,17.184019088745117
1495,17.12799072265625
1496,17.042160034179688
1497,16.99686050415039
1498,16.921043395996094
1499,16.861915588378906
1500,16.839027404785156
1501,16.736984252929688
1502,16.656875610351562
1503,16.622066497802734
1504,16.53313636779785
1505,16.460895538330078
1506,16.453027725219727
1507,16.337156295776367
1508,16.31784439086914
1509,16.251087188720703
1510,16.177892684936523
1511,21.15607261657715
1512,21.045923233032227
1513,21.02518081665039
1514,20.941972732543945
1515,20.882129669189453
1516,20.826101303100582
1517,20.75505256652832
1518,20.685911178588867
1519,20.61915397644043
1520,20.55692672729492
1521,20.502805709838867
1522,20.47204971313477
1523,20.42412757873535
1524,20.28203010559082
1525,20.251035690307617
1526,20.20406723022461
1527,20.149946212768555
1528,20.055055618286133
1529,20.02692222595215
1530,19.940853118896484
1531,19.89006996154785
1532,19.816875457763672
1533,19.748926162719727
1534,19.66094970703125
1535,19.629955291748047
1536,19.55795288085937
1537,19.55509185791016
1538,19.44899559020996
1539,19.376039505004883
1540,19.30403709411621
1541,19.24681663513184
1542,19.20604705810547
1543,19.116878509521484
1544,19.047975540161133
1545,18.965959548950195
1546,18.89300346374512
1547,18.90397071838379
1548,18.76497268676757
1549,18.743038177490234
1550,18.67890357971192
1551,18.63408088684082
1552,18.503189086914062
1553,18.46909523010254
1554,18.418073654174805
1555,18.381834030151367
1556,18.31793785095215
1557,18.2340145111084
1558,18.141984939575195
1559,18.15009117126465
1560,18.017053604125977
1561,18.007993698120117
1562,17.924070358276367
1563,17.880916595458984
1564,17.79007911682129
1565,17.740964889526367
1566,17.65894889831543
1567,17.646074295043945
1568,17.644882202148438
1569,17.507076263427734
1570,17.515897750854492
1571,17.422914505004883
1572,17.35687255859375
1573,17.2879695892334
1574,17.222881317138672
1575,17.161130905151367
1576,17.071962356567383
1577,16.99686050415039
1578,17.006874084472656
1579,16.842126846313477
1580,16.852140426635742
1581,16.803979873657227
1582,16.72506332397461
1583,16.688108444213867
1584,16.58797264099121
1585,16.54505729675293
1586,16.44611358642578
1587,16.402006149291992
1588,16.295194625854492
1589,16.2508487701416
1590,16.249895095825195
1591,21.15797996520996
1592,21.0878849029541
1593,21.01588249206543
1594,20.945072174072266
1595,20.878076553344727
1596,20.791053771972656
1597,20.730018615722656
1598,20.66493034362793
1599,20.60198783874512
1600,20.54095268249512
1601,20.47109603881836
1602,20.51711082458496
1603,20.35307884216309
1604,20.38407325744629
1605,20.282983779907227
1606,20.23506164550781
1607,20.16210556030273
1608,20.07603645324707
1609,20.045042037963867
1610,20.01309394836425
1611,19.867897033691406
1612,19.9129581451416
1613,19.81496810913086
1614,19.76609230041504
1615,19.690990447998047
1616,19.633054733276367
1617,19.55389976501465
1618,19.50001716613769
1619,19.48785781860352
1620,19.352197647094727
1621,19.32811737060547
1622,19.29187774658203
1623,19.22297477722168
1624,19.15502548217773
1625,19.09089088439941
1626,19.057035446166992
1627,18.95904541015625
1628,18.890857696533203
1629,18.82195472717285
1630,18.740177154541016
1631,18.67389678955078
1632,18.606185913085938
1633,18.618106842041016
1634,18.45693588256836
1635,18.451929092407227
1636,18.41902732849121
1637,18.34392547607422
1638,18.290042877197266
1639,18.17607879638672
1640,18.14913749694824
1641,18.103837966918945
1642,18.01896095275879
1643,17.934083938598633
1644,17.879009246826172
1645,17.853975296020508
1646,17.744064331054688
1647,17.745018005371094
1648,17.61603355407715
1649,17.575979232788086
1650,17.559051513671875
1651,17.505884170532227
1652,17.36617088317871
1653,17.359018325805664
1654,17.318010330200195
1655,17.229080200195312
1656,17.132043838500977
1657,17.061948776245117
1658,17.021894454956055
1659,16.993999481201172
1660,16.862154006958008
1661,16.857147216796875
1662,16.798973083496094
1663,16.71004295349121
1664,16.651153564453125
1665,16.592025756835938
1666,16.51310920715332
1667,16.434192657470703
1668,16.38507843017578
1669,16.318798065185547
1670,16.249895095825195
1671,16.25800132751465
1672,21.157026290893555
1673,21.10600471496582
1674,21.017074584960938
1675,20.95794677734375
1676,20.93720436096192
1677,20.80702781677246
1678,20.792007446289062
1679,20.72715759277344
1680,20.66493034362793
1681,20.5841064453125
1682,20.514965057373047
1683,20.457983016967773
1684,20.39194107055664
1685,20.334959030151367
1686,20.272016525268555
1687,20.190954208374023
1688,20.18904685974121
1689,20.061016082763672
1690,20.04003524780273
1691,19.97900009155273
1692,19.89293098449707
1693,19.823789596557617
1694,19.778966903686523
1695,19.700050354003903
1696,19.67310905456543
1697,19.53577995300293
1698,19.49501037597656
1699,19.443988800048828
1700,19.43612098693848
1701,19.279003143310547
1702,19.2861557006836
1703,19.21987533569336
1704,19.142866134643555
1705,19.07801628112793
1706,19.010066986083984
1707,18.93305778503418
1708,18.88108253479004
1709,18.82600784301757
1710,18.813133239746094
1711,18.67508888244629
1712,18.66292953491211
1713,18.60594749450684
1714,18.543004989624023
1715,18.46194267272949
1716,18.38994026184082
1717,18.34392547607422
1718,18.252849578857425
1719,18.196821212768555
1720,18.19896697998047
1721,18.096923828125
1722,18.00990104675293
1723,17.943143844604492
1724,17.941951751708984
1725,17.81010627746582
1726,17.80414581298828
1727,17.683982849121094
1728,17.65894889831543
1729,17.601966857910156
1730,17.520904541015625
1731,17.460107803344727
1732,17.400026321411133
1733,17.33994483947754
1734,17.277956008911133
1735,17.194032669067383
1736,17.127037048339844
1737,17.091035842895508
1738,16.9980525970459
1739,16.942977905273438
1740,16.916990280151367
1741,16.848087310791016
1742,16.813039779663086
1743,16.721010208129883
1744,16.63804054260254
1745,16.571998596191406
1746,16.50381088256836
1747,16.45493507385254
1748,16.382932662963867
1749,16.30711555480957
1750,16.285181045532227
1751,16.143083572387695
1752,21.153926849365234
1753,21.094799041748047
1754,21.040916442871094
1755,20.92909812927246
1756,20.88308334350586
1757,20.880937576293945
1758,20.743846893310547
1759,20.75791358947754
1760,20.67899703979492
1761,20.5988883972168
1762,20.5380916595459
1763,20.46799659729004
1764,20.401954650878903
1765,20.32017707824707
1766,20.27297019958496
1767,20.200014114379883
1768,20.116090774536133
1769,20.138978958129883
1770,19.980907440185547
1771,19.987106323242188
1772,19.90199089050293
1773,19.8519229888916
1774,19.75703239440918
1775,19.695043563842773
1776,19.63186264038086
1777,19.55294609069824
1778,19.46592330932617
1779,19.47498321533203
1780,19.34099197387696
1781,19.363880157470703
1782,19.273042678833008
1783,19.22297477722168
1784,19.147872924804688
1785,19.080162048339844
1786,19.00506019592285
1787,19.021034240722656
1788,18.91207695007324
1789,18.85700225830078
1790,18.7678337097168
1791,18.698930740356445
1792,18.626928329467773
1793,18.64194869995117
1794,18.485069274902344
1795,18.47696304321289
1796,18.42498779296875
1797,18.347978591918945
1798,18.27597618103028
1799,18.21494102478028
1800,18.14508438110352
1801,18.157958984375
1802,17.995119094848633
1803,17.979145050048828
1804,17.973899841308594
1805,17.89689064025879
1806,17.852067947387695
1807,17.785072326660156
1808,17.699003219604492
1809,17.660140991210938
1810,17.57216453552246
1811,17.508983612060547
1812,17.447948455810547
1813,17.373085021972656
1814,17.391204833984375
1815,17.261981964111328
1816,17.248153686523438
1817,17.19212532043457
1818,17.117023468017578
1819,17.058134078979492
1820,16.962051391601562
1821,16.908884048461914
1822,16.824960708618164
1823,16.766071319580078
1824,16.76201820373535
1825,16.642093658447266
1826,16.629934310913086
1827,16.543149948120117
1828,16.494035720825195
1829,16.388893127441406
1830,16.344070434570312
1831,16.27802848815918
1832,16.191959381103516
1833,21.110057830810547
1834,21.118879318237305
1835,21.04496955871582
1836,20.99204063415528
1837,20.86377143859864
1838,20.888805389404297
1839,20.79010009765625
1840,20.73812484741211
1841,20.68185806274414
1842,20.583152770996094
1843,20.519018173217773
1844,20.50995826721192
1845,20.393848419189453
1846,20.394086837768555
1847,20.267963409423828
1848,20.22695541381836
1849,20.2028751373291
1850,20.114898681640625
1851,20.08199691772461
1852,20.010948181152344
1853,20.00594139099121
1854,19.887924194335938
1855,19.85502243041992
1856,19.78302001953125
1857,19.70791816711425
1858,19.684791564941406
1859,19.60587501525879
1860,19.55509185791016
1861,19.471168518066406
1862,19.3939208984375
1863,19.318103790283203
1864,19.259929656982425
1865,19.262075424194336
1866,19.12379264831543
1867,19.114971160888672
1868,19.03104782104492
1869,18.9821720123291
1870,18.904924392700195
1871,18.86200904846192
1872,18.79310607910156
1873,18.73111724853516
1874,18.64790916442871
1875,18.557071685791016
1876,18.49508285522461
1877,18.49198341369629
1878,18.37897300720215
1879,18.36800575256348
1880,18.278121948242188
1881,18.2180404663086
1882,18.156051635742188
1883,18.07403564453125
1884,18.021821975708008
1885,17.954111099243164
1886,17.88616180419922
1887,17.834901809692383
1888,17.750024795532227
1889,17.750978469848633
1890,17.660856246948242
1891,17.47608184814453
1892,17.414093017578125
1893,17.33994483947754
1894,17.266035079956055
1895,17.19808578491211
1896,17.127037048339844
1897,17.05789566040039
1898,16.999006271362305
1899,16.991853713989258
1900,16.846895217895508
1901,16.834020614624023
1902,16.785860061645508
1903,16.721010208129883
1904,16.62302017211914
1905,16.56794548034668
1906,16.49308204650879
1907,16.40009880065918
1908,16.35599136352539
1909,16.289949417114258
1910,16.24011993408203
1911,16.167163848876953
1912,21.110057830810547
1913,21.05379104614257
1914,20.97916603088379
1915,20.901918411254883
1916,20.834922790527344
1917,20.77507972717285
1918,20.78390121459961
1919,20.637989044189453
1920,20.62511444091797
1921,20.541906356811523
1922,20.50209045410156
1923,20.40600776672364
1924,20.37596702575684
1925,20.27297019958496
1926,20.22600173950196
1927,20.14303207397461
1928,20.133018493652344
1929,20.0040340423584
1930,19.963979721069336
1931,19.89006996154785
1932,19.891977310180664
1933,19.73700523376465
1934,19.73915100097656
1935,19.662857055664062
1936,19.620895385742188
1937,19.53411102294922
1938,19.49286460876465
1939,19.41514015197754
1940,19.34218406677246
1941,19.26279067993164
1942,19.248008728027344
1943,19.138097763061523
1944,19.142866134643555
1945,19.04606819152832
1946,18.996000289916992
1947,18.900156021118164
1948,18.841981887817383
1949,18.784046173095703
1950,18.72706413269043
1951,18.6460018157959
1952,18.629074096679688
1953,18.51797103881836
1954,18.5239315032959
1955,18.38898658752441
1956,18.39995384216309
1957,18.311023712158203
1958,18.22495460510254
1959,18.136978149414062
1960,18.085956573486328
1961,17.99917221069336
1962,17.963886260986328
1963,17.878055572509766
1964,17.817974090576172
1965,17.748117446899414
1966,17.76719093322754
1967,17.61603355407715
1968,17.6241397857666
1969,17.529010772705078
1970,17.47417449951172
1971,17.386913299560547
1972,17.319917678833008
1973,17.27008819580078
1974,17.19212532043457
1975,17.135143280029297
1976,17.113924026489258
1977,16.993999481201172
1978,16.99209213256836
1979,16.902923583984375
1980,16.84093475341797
1981,16.765117645263672
1982,16.715049743652344
1983,16.61205291748047
1984,16.589879989624023
1985,16.521930694580078
1986,16.453981399536133
1987,20.9951400756836
1988,20.98393440246582
1989,16.386985778808594
1990,16.376972198486328
1991,16.275882720947266
1992,16.28589630126953
1993,21.18206024169922
1994,21.10815048217773
1995,21.027088165283203
1996,20.97010612487793
1997,20.947933197021484
1998,20.827054977416992
1999,20.80106735229492
2000,20.74003219604492
2001,20.67089080810547
2002,20.600080490112305
2003,20.529985427856445
2004,20.47896385192871
2005,20.39790153503418
2006,20.34997940063477
2007,20.3249454498291
2008,20.186185836791992
2009,20.1718807220459
2010,20.10202407836914
2011,20.04694938659668
2012,19.963979721069336
2013,19.6840763092041
2014,19.64712142944336
2015,19.5310115814209
2016,19.515037536621094
2017,19.45710182189941
2018,19.39892768859864
2019,19.35005187988281
2020,19.253969192504883
2021,19.19698715209961
2022,19.181013107299805
2023,19.056081771850582
2024,19.044160842895508
2025,18.9669132232666
2026,18.91493797302246
2027,18.85604858398437
2028,18.773794174194336
2029,18.696069717407227
2030,18.62788200378418
2031,18.535137176513672
2032,18.49007606506348
2033,18.435001373291016
2034,18.36585998535156
2035,18.290042877197266
2036,18.35489273071289
2037,18.173933029174805
2038,18.16010475158692
2039,18.088817596435547
2040,18.017053604125977
2041,17.98081398010254
2042,17.8680419921875
2043,17.87400245666504
2044,17.80986785888672
2045,17.725229263305664
2046,17.676830291748047
2047,17.616987228393555
2048,17.5631046295166
2049,17.490148544311523
2050,17.427921295166016
2051,17.345190048217773
2052,17.26508140563965
2053,17.297029495239258
2054,17.125844955444336
2055,17.10200309753418
2056,17.0440673828125
2057,16.95108413696289
2058,16.895055770874023
2059,16.834020614624023
2060,16.74199104309082
2061,16.697168350219727
2062,16.623973846435547
2063,16.610145568847656
2064,16.46900177001953
2065,16.482114791870117
2066,16.345977783203125
2067,16.345977783203125
2068,16.295194625854492
2069,16.2200927734375
2070,21.11101150512696
2071,21.04711532592773
2072,20.999908447265625
2073,20.97487449645996
2074,20.85280418395996
2075,20.83992958068848
2076,20.709991455078125
2077,20.696163177490234
2078,20.663976669311523
2079,20.587921142578125
2080,20.54405212402344
2081,20.47109603881836
2082,20.408153533935547
2083,20.340919494628903
2084,20.266056060791016
2085,20.205020904541016
2086,20.145177841186523
2087,20.15519142150879
2088,20.068883895874023
2089,20.00093460083008
2090,19.9429988861084
2091,19.870996475219727
2092,19.79994773864746
2093,19.72317695617676
2094,19.72007751464844
2095,19.577980041503903
2096,19.59109306335449
2097,19.49691772460937
2098,19.443988800048828
2099,19.359111785888672
2100,19.287824630737305
2101,19.208192825317383
2102,19.210100173950195
2103,19.07801628112793
2104,19.06585693359375
2105,19.002914428710938
2106,18.929004669189453
2107,18.868207931518555
2108,18.802881240844727
2109,18.70393753051757
2110,18.653154373168945
2111,18.57590675354004
2112,18.573999404907227
2113,18.446922302246094
2114,18.45002174377441
2115,18.38397979736328
2116,18.318891525268555
2117,18.239974975585938
2118,18.204927444458008
2119,18.10598373413086
2120,18.037080764770508
2121,17.965078353881836
2122,17.968177795410156
2123,17.88616180419922
2124,17.834186553955078
2125,17.763853073120117
2126,17.68803596496582
2127,17.644882202148438
2128,17.553091049194336
2129,17.50493049621582
2130,17.436981201171875
2131,17.36617088317871
2132,17.310142517089844
2133,17.23504066467285
2134,17.23003387451172
2135,17.074108123779297
2136,17.097949981689453
2137,17.00592041015625
2138,16.959190368652344
2139,16.855955123901367
2140,16.786813735961914
2141,16.71004295349121
2142,16.67618751525879
2143,16.607999801635742
2144,16.531944274902344
2145,16.468048095703125
2146,16.484975814819336
2147,16.324996948242188
2148,16.360044479370117
2149,16.268014907836914
2150,16.228199005126953
2151,21.18802070617676
2152,21.0561752319336
2153,21.033048629760746
2154,20.971059799194336
2155,20.917177200317383
2156,20.82490921020508
2157,20.75815200805664
2158,20.694971084594727
2159,20.667076110839844
2160,20.5378532409668
2161,20.53093910217285
2162,20.455121994018555
2163,20.389080047607425
2164,20.325183868408203
2165,20.251989364624023
2166,20.18094062805176
2167,20.11299133300781
2168,20.05600929260254
2169,19.99092102050781
2170,19.90509033203125
2171,19.858837127685547
2172,19.804000854492188
2173,19.78111267089844
2174,19.669055938720703
2175,19.67000961303711
2176,19.61708068847656
2177,19.53601837158203
2178,19.485950469970703
2179,19.401073455810547
2180,19.34409141540528
2181,19.25802230834961
2182,19.201040267944336
2183,19.140005111694336
2184,19.075870513916016
2185,19.05202865600586
2186,18.97788047790528
2187,18.929004669189453
2188,18.84698867797852
2189,18.78809928894043
2190,18.71609687805176
2191,18.64504814147949
2192,18.596887588500977
2193,18.540143966674805
2194,18.481969833374023
2195,18.397092819213867
2196,18.34297180175781
2197,18.29195022583008
2198,18.20611953735352
2199,18.175125122070312
2200,18.04494857788086
2201,18.055200576782227
2202,17.987966537475586
2203,17.92001724243164
2204,17.83585548400879
2205,17.771005630493164
2206,17.698049545288086
2207,17.633914947509766
2208,17.565011978149414
2209,17.508983612060547
2210,17.47298240661621
2211,17.44699478149414
2212,17.335176467895508
2213,17.332077026367188
2214,17.280101776123047
2215,17.20285415649414
2216,17.123937606811523
2217,17.05479621887207
2218,17.008066177368164
2219,16.926050186157227
2220,16.859054565429688
2221,16.783952713012695
2222,16.715049743652344
2223,16.696929931640625
2224,16.60299301147461
2225,16.570091247558594
2226,16.502857208251953
2227,16.438961029052734
2228,16.3729190826416
2229,16.318082809448242
2230,16.227006912231445
2231,16.220808029174805
2232,21.13509178161621
2233,21.09813690185547
2234,21.00992202758789
2235,20.9500789642334
2236,20.889997482299805
2237,20.84207534790039
2238,20.786046981811523
2239,20.708084106445312
2240,20.607948303222656
2241,20.56503295898437
2242,20.514965057373047
2243,20.444869995117188
2244,20.428895950317383
2245,20.280838012695312
2246,20.266056060791016
2247,20.23100852966309
2248,20.13707160949707
2249,20.032882690429688
2250,20.051002502441406
2251,20.01309394836425
2252,19.887924194335938
2253,19.824981689453125
2254,19.783973693847656
2255,19.68598365783692
2256,19.602060317993164
2257,19.55413818359375
2258,19.54007148742676
2259,19.385099411010746
2260,19.381999969482425
2261,19.329071044921875
2262,19.263029098510746
2263,19.163131713867188
2264,19.089937210083008
2265,19.037961959838867
2266,19.03700828552246
2267,18.905162811279297
2268,18.90897750854492
2269,18.76497268676757
2270,18.75901222229004
2271,18.685102462768555
2272,18.61500740051269
2273,18.55182647705078
2274,18.50104331970215
2275,18.45121383666992
2276,18.323898315429688
2277,18.299102783203125
2278,18.285036087036133
2279,18.2180404663086
2280,18.13197135925293
2281,18.06211471557617
2282,17.990827560424805
2283,17.925024032592773
2284,17.843961715698242
2285,17.85898208618164
2286,17.709016799926758
2287,17.71402359008789
2288,17.65608787536621
2289,17.589092254638672
2290,17.49706268310547
2291,17.43483543395996
2292,17.385005950927734
2293,17.31109619140625
2294,17.256975173950195
2295,17.171859741210938
2296,17.128944396972656
2297,17.07291603088379
2298,17.004966735839844
2299,16.98589324951172
2300,16.853809356689453
2301,16.856908798217773
2302,16.763925552368164
2303,16.71004295349121
2304,16.643047332763672
2305,16.579151153564453
2306,16.49188995361328
2307,16.44587516784668
2308,16.369104385375977
2309,16.31307601928711
2310,16.234874725341797
2311,16.231060028076172
2312,21.129846572875977
2313,21.08001708984375
2314,21.021127700805664
2315,20.940065383911133
2316,20.884037017822266
2317,20.81608772277832
2318,20.7369327545166
2319,20.73812484741211
2320,20.606040954589844
2321,20.61605453491211
2322,20.48611640930176
2323,20.493030548095703
2324,20.40410041809082
2325,20.338058471679688
2326,20.254135131835938
2327,20.205020904541016
2328,20.13707160949707
2329,20.067930221557617
2330,20.001888275146484
2331,19.95396614074707
2332,19.91915702819824
2333,19.841909408569336
2334,19.78302001953125
2335,19.726991653442383
2336,19.65594291687012
2337,19.576072692871094
2338,19.51813697814941
2339,19.449949264526367
2340,19.437074661254883
2341,19.2861557006836
2342,19.28305625915528
2343,19.232988357543945
2344,19.15502548217773
2345,19.06895637512207
2346,19.01102066040039
2347,18.922090530395508
2348,18.898963928222656
2349,18.815040588378903
2350,18.811941146850582
2351,18.67604255676269
2352,18.73087882995605
2353,18.57590675354004
2354,18.54586601257324
2355,18.46909523010254
2356,18.39184761047364
2357,18.33081245422364
2358,18.26691627502441
2359,18.17798614501953
2360,18.118858337402344
2361,18.035888671875
2362,17.96889305114746
2363,17.912864685058594
2364,17.906904220581055
2365,17.771005630493164
2366,17.751216888427734
2367,17.66180992126465
2368,17.628908157348633
2369,17.581939697265625
2370,17.489910125732422
2371,17.431974411010742
2372,17.369985580444336
2373,17.281055450439453
2374,17.194032669067383
2375,17.13109016418457
2376,17.16017723083496
2377,16.988039016723633
2378,16.993999481201172
2379,16.93892478942871
2380,16.85810089111328
2381,16.769886016845703
2382,16.724109649658203
2383,16.63517951965332
2384,16.628026962280273
2385,16.520977020263672
2386,16.47806167602539
2387,16.435861587524414
2388,16.347885131835938
2389,16.27492904663086
2390,16.206979751586914
2391,21.183013916015625
2392,21.11506462097168
2393,21.03400230407715
2394,20.974159240722656
2395,20.901918411254883
2396,20.824193954467773
2397,20.776987075805664
2398,20.702123641967773
2399,20.71380615234375
2400,20.553112030029297
2401,20.576953887939453
2402,20.49803733825684
2403,20.41792869567871
2404,20.33209800720215
2405,20.267009735107425
2406,20.20120620727539
2407,20.13397216796875
2408,20.041942596435547
2409,20.032882690429688
2410,19.995927810668945
2411,19.906997680664062
2412,19.83904838562012
2413,19.761085510253903
2414,19.685029983520508
2415,19.63210105895996
2416,19.564151763916016
2417,19.50812339782715
2418,19.41514015197754
2419,19.40798759460449
2420,19.270896911621094
2421,19.27495002746582
2422,19.205093383789062
2423,19.144058227539062
2424,19.07014846801757
2425,19.01412010192871
2426,18.92399787902832
2427,18.8589096069336
2428,18.77093315124512
2429,18.722057342529297
2430,18.646955490112305
2431,18.65220069885254
2432,18.50295066833496
2433,18.47982406616211
2434,18.427133560180664
2435,18.36109161376953
2436,18.290042877197266
2437,18.21208000183105
2438,18.146991729736328
2439,18.0959701538086
2440,18.033981323242188
2441,18.02706718444824
2442,17.870187759399414
2443,17.874956130981445
2444,17.83013343811035
2445,17.73691177368164
2446,17.667055130004883
2447,17.596006393432617
2448,17.528057098388672
2449,17.490148544311523
2450,17.44699478149414
2451,17.348051071166992
2452,17.29607582092285
2453,17.212867736816406
2454,17.124176025390625
2455,17.138004302978516
2456,17.004966735839844
2457,16.983985900878906
2458,16.911983489990234
2459,16.83211326599121
2460,16.759872436523438
2461,16.69597625732422
2462,16.597986221313477
2463,16.60895347595215
2464,16.479015350341797
2465,16.46709442138672
2466,16.31903648376465
2467,16.305923461914062
2468,16.232013702392578
2469,16.170978546142578
2470,21.1639404296875
2471,21.0261344909668
2472,21.006107330322266
2473,20.92790603637696
2474,20.85280418395996
2475,20.782947540283203
2476,20.71499824523925
2477,20.64800262451172
2478,20.59412002563477
2479,20.49779891967773
2480,20.444869995117188
2481,20.401954650878903
2482,20.34211158752441
2483,20.247936248779297
2484,20.236968994140625
2485,20.10893821716309
2486,20.10107040405273
2487,20.0190544128418
2488,19.9580192565918
2489,19.87600326538086
2490,19.830942153930664
2491,19.76895332336425
2492,19.693851470947266
2493,19.63210105895996
2494,19.55389976501465
2495,19.489049911499023
2496,19.42300796508789
2497,19.34194564819336
2498,19.361019134521484
2499,19.29187774658203
2500,19.21606063842773
2501,19.14691925048828
2502,19.06585693359375
2503,18.994808197021484
2504,18.91398429870605
2505,18.87798309326172
2506,18.79811286926269
2507,18.722057342529297
2508,18.65696907043457
2509,18.59712600708008
2510,18.55611801147461
2511,18.4478759765625
2512,18.40996742248535
2513,18.374919891357425
2514,18.31197738647461
2515,18.219947814941406
2516,18.18513870239257
2517,18.13197135925293
2518,18.103837966918945
2519,18.06187629699707
2520,17.90308952331543
2521,17.913818359375
2522,17.839908599853516
2523,17.770051956176758
2524,17.701148986816406
2525,17.641067504882812
2526,17.542123794555664
2527,17.520904541015625
2528,17.42386817932129
2529,17.364025115966797
2530,17.286062240600586
2531,17.29297637939453
2532,17.154932022094727
2533,17.152070999145508
2534,17.086029052734375
2535,17.014026641845703
2536,16.95084571838379
2537,16.865968704223633
2538,16.79682731628418
2539,16.79706573486328
2540,16.674041748046875
2541,16.696929931640625
2542,16.53313636779785
2543,16.540050506591797
2544,16.466140747070312
2545,16.388893127441406
2546,16.311168670654297
2547,16.267061233520508
2548,16.204118728637695
2549,21.140098571777344
2550,21.04496955871582
2551,21.00205421447754
2552,20.93100547790528
2553,20.9500789642334
2554,20.863056182861328
2555,20.788908004760746
2556,20.705223083496094
2557,20.6148624420166
2558,20.57099342346192
2559,20.517826080322266
2560,20.407915115356445
2561,20.43318748474121
2562,20.28203010559082
2563,20.23887634277344
2564,20.156145095825195
2565,20.17402648925781
2566,20.07603645324707
2567,20.01190185546875
2568,19.937992095947266
2569,19.86384391784668
2570,19.86908912658692
2571,19.73104476928711
2572,19.70815658569336
2573,19.65594291687012
2574,19.577980041503903
2575,19.522905349731445
2576,19.445180892944336
2577,19.37079429626465
2578,19.305944442749023
2579,19.260168075561523
2580,19.186019897460938
2581,19.132137298583984
2582,19.056081771850582
2583,18.982887268066406
2584,18.9208984375
2585,18.85509490966797
2586,18.867015838623047
2587,18.73993873596192
2588,18.722057342529297
2589,18.65386962890625
2590,18.57805252075196
2591,18.525123596191406
2592,18.45002174377441
2593,18.39017868041992
2594,18.308162689208984
2595,18.25094223022461
2596,18.173933029174805
2597,18.1121826171875
2598,18.110036849975582
2599,17.966032028198242
2600,17.991065979003906
2601,17.8680419921875
2602,17.840862274169922
2603,17.789125442504883
2604,17.711877822875977
2605,17.641067504882812
2606,17.566919326782227
2607,17.53401756286621
2608,17.44699478149414
2609,17.38715171813965
2610,17.326831817626953
2611,17.26508140563965
2612,17.266035079956055
2613,17.132043838500977
2614,17.10987091064453
2615,17.071962356567383
2616,16.992807388305664
2617,16.92509651184082
2618,16.84713363647461
2619,16.782045364379883
2620,16.700029373168945
2621,16.631126403808594
2622,16.60609245300293
2623,16.562938690185547
2624,16.488075256347656
2625,16.43514633178711
2626,16.33596420288086
2627,16.309022903442383
2628,16.20793342590332
2629,21.218061447143555
2630,21.052122116088867
2631,21.06308937072754
2632,20.98703384399414
2633,20.923852920532227
2634,20.835161209106445
2635,20.78700065612793
2636,20.719051361083984
2637,20.637989044189453
2638,20.57504653930664
2639,20.56312561035156
2640,20.49899101257324
2641,20.43604850769043
2642,20.3399658203125
2643,20.32399177551269
2644,20.2639102935791
2645,20.19906044006348
2646,20.122051239013672
2647,20.0650691986084
2648,19.97590065002441
2649,19.92678642272949
2650,19.86312866210937
2651,19.809961318969727
2652,19.748926162719727
2653,19.715070724487305
2654,19.64998245239257
2655,19.5770263671875
2656,19.505023956298828
2657,19.459009170532227
2658,19.388198852539062
2659,19.30713653564453
2660,19.23513412475586
2661,19.22202110290528
2662,19.086122512817383
2663,19.09995079040528
2664,19.02008056640625
2665,18.9509391784668
2666,18.872976303100582
2667,18.82290840148925
2668,18.759965896606445
2669,18.722057342529297
2670,18.635034561157227
2671,18.558025360107425
2672,18.48316192626953
2673,18.48602294921875
2674,18.36395263671875
2675,18.29195022583008
2676,18.2180404663086
2677,18.238067626953125
2678,18.0959701538086
2679,18.07689666748047
2680,18.02301406860352
2681,17.963886260986328
2682,17.848968505859375
2683,17.85111427307129
2684,17.772912979125977
2685,17.707109451293945
2686,17.631053924560547
2687,17.573118209838867
2688,17.47894287109375
2689,17.419815063476562
2690,17.358064651489258
2691,17.341136932373047
2692,17.210006713867188
2693,17.20905303955078
2694,17.135143280029297
2695,17.071008682250977
2696,17.002105712890625
2697,16.932010650634766
2698,16.853809356689453
2699,16.8609619140625
2700,16.724109649658203
2701,16.700029373168945
2702,16.63994789123535
2703,16.602039337158203
2704,16.541004180908203
2705,16.46900177001953
2706,16.382932662963867
2707,16.3271427154541
2708,16.22915267944336
2709,20.99895477294922
2710,20.93195915222168
2711,20.865917205810547
2712,20.792007446289062
2713,20.7669734954834
2714,20.707130432128903
2715,20.66302299499512
2716,20.54405212402344
2717,20.5230712890625
2718,20.45297622680664
2719,20.374059677124023
2720,20.31493186950684
2721,20.22790908813477
2722,20.16592025756836
2723,20.082950592041016
2724,20.041942596435547
2725,20.022869110107425
2726,19.87290382385254
2727,19.875049591064453
2728,19.818782806396484
2729,19.73199844360352
2730,19.656896591186523
2731,19.60301399230957
2732,19.542932510375977
2733,19.47188377380371
2734,19.38605308532715
2735,19.32215690612793
2736,19.248008728027344
2737,19.238948822021484
2738,19.1497802734375
2739,19.121170043945312
2740,19.055843353271484
2741,18.9669132232666
2742,18.90707015991211
2743,18.84293556213379
2744,18.77117156982422
2745,18.70298385620117
2746,18.64910125732422
2747,18.561124801635746
2748,18.501996994018555
2749,18.512964248657227
2750,18.35799217224121
2751,18.34702491760254
2752,18.28789710998535
2753,18.20206642150879
2754,18.15104484558105
2755,18.06306838989257
2756,18.0959701538086
2757,17.94886589050293
2758,17.947912216186523
2759,17.85898208618164
2760,17.80104637145996
2761,17.692089080810547
2762,17.679929733276367
2763,17.598867416381836
2764,17.532825469970703
2765,17.46511459350586
2766,17.405033111572266
2767,17.347097396850586
2768,17.277002334594727
2769,17.219066619873047
2770,17.147064208984375
2771,17.068862915039062
2772,17.053842544555664
2773,16.961097717285156
2774,16.921043395996094
2775,16.852140426635742
2776,16.781091690063477
2777,16.702890396118164
2778,16.643047332763672
2779,16.55888557434082
2780,16.505002975463867
2781,16.43085479736328
2782,16.360044479370117
2783,16.30091667175293
2784,16.302108764648438
2785,16.15619659423828
2786,21.125078201293945
2787,21.05498313903809
2788,20.99204063415528
2789,20.946025848388672
2790,20.85590362548828
2791,20.79296112060547
2792,20.73502540588379
2793,20.651817321777344
2794,20.660877227783203
2795,20.520925521850582
2796,20.520925521850582
2797,20.44510841369629
2798,20.38097381591797
2799,20.29991149902344
2800,20.23100852966309
2801,20.123958587646484
2802,20.10488510131836
2803,20.120859146118164
2804,19.997119903564453
2805,19.99497413635254
2806,19.91891860961914
2807,19.849061965942383
2808,19.75703239440918
2809,19.714832305908203
2810,19.61088180541992
2811,19.58203315734864
2812,19.48881149291992
2813,19.520044326782227
2814,19.37198638916016
2815,19.359111785888672
2816,19.275903701782227
2817,19.2108154296875
2818,19.1650390625
2819,19.08707618713379
2820,19.01507377624512
2821,18.945932388305664
2822,18.861055374145508
2823,18.803119659423828
2824,18.73087882995605
2825,18.72706413269043
2826,18.57900619506836
2827,18.58305931091309
2828,18.515825271606445
2829,18.45693588256836
2830,18.3718204498291
2831,18.31316947937012
2832,18.253087997436523
2833,18.17607879638672
2834,18.107891082763672
2835,18.03302764892578
2836,17.95220375061035
2837,17.950057983398438
2838,17.828941345214844
2839,17.824888229370117
2840,17.821073532104492
2841,17.724990844726562
2842,17.65584945678711
2843,17.580032348632812
2844,17.542123794555664
2845,17.457962036132812
2846,17.374038696289062
2847,17.308950424194336
2848,17.251014709472656
2849,17.26818084716797
2850,17.132043838500977
2851,17.100811004638672
2852,17.042875289916992
2853,16.94202423095703
2854,16.90196990966797
2855,16.86406135559082
2856,16.778945922851562
2857,16.69907569885254
2858,16.592979431152344
2859,16.602039337158203
2860,16.47496223449707
2861,16.458988189697266
2862,16.366958618164062
2863,16.33000373840332
2864,16.223907470703125
2865,16.223907470703125
2866,21.14105224609375
2867,21.06308937072754
2868,21.00801467895508
2869,20.92909812927246
2870,20.95794677734375
2871,20.786046981811523
2872,20.798921585083008
2873,20.70903778076172
2874,20.646095275878903
2875,20.596981048583984
2876,20.524978637695312
2877,20.45297622680664
2878,20.35307884216309
2879,20.29705047607422
2880,20.23005485534668
2881,20.17807960510254
2882,20.184993743896484
2883,20.02096176147461
2884,20.04599571228028
2885,19.899845123291016
2886,19.895076751708984
2887,19.82593536376953
2888,19.757986068725582
2889,19.688844680786133
2890,19.61994171142578
2891,19.578933715820312
2892,19.50979232788086
2893,19.42300796508789
2894,19.359111785888672
2895,19.28400993347168
2896,19.28281784057617
2897,19.14501190185547
2898,19.132137298583984
2899,19.068002700805664
2900,19.006967544555664
2901,18.932104110717773
2902,18.863916397094727
2903,18.78499984741211
2904,18.735170364379883
2905,18.67294311523437
2906,18.67008209228516
2907,18.57805252075196
2908,18.47386360168457
2909,18.414974212646484
2910,18.339157104492188
2911,18.2790756225586
2912,18.203020095825195
2913,18.16391944885254
2914,18.167972564697266
2915,18.014907836914062
2916,18.045902252197266
2917,17.901897430419922
2918,17.919063568115234
2919,17.815113067626953
2920,17.74907112121582
2921,17.678022384643555
2922,17.616987228393555
2923,17.551183700561523
2924,17.47894287109375
2925,17.400026321411133
2926,17.39192008972168
2927,17.268896102905273
2928,17.260074615478516
2929,17.173051834106445
2930,17.14611053466797
2931,17.061948776245117
2932,16.9827938079834
2933,16.92986488342285
2934,16.8609619140625
2935,16.79396629333496
2936,16.735076904296875
2937,16.646862030029297
2938,16.644001007080078
2939,16.561031341552734
2940,16.578197479248047
2941,16.449928283691406
2942,16.427993774414062
2943,16.349077224731445
2944,16.309022903442383
2945,16.211986541748047
2946,21.113157272338867
2947,21.103858947753903
2948,21.079063415527344
2949,20.97010612487793
2950,20.910024642944336
2951,20.850181579589844
2952,20.77198028564453
2953,20.71714401245117
2954,20.637989044189453
2955,20.550012588500977
2956,20.51401138305664
2957,20.46680450439453
2958,20.36595344543457
2959,20.37191390991211
2960,20.23005485534668
2961,20.210981369018555
2962,20.13778686523437
2963,20.077943801879883
2964,19.98114585876465
2965,19.96302604675293
2966,19.8822021484375
2967,19.8209285736084
2968,19.75107192993164
2969,19.685029983520508
2970,19.60897445678711
2971,19.546031951904297
2972,19.46401596069336
2973,19.452810287475582
2974,19.392967224121094
2975,19.30999755859375
2976,19.264936447143555
2977,19.18792724609375
2978,19.132137298583984
2979,19.03915405273437
2980,18.997907638549805
2981,18.94998550415039
2982,18.85581016540528
2983,18.808841705322266
2984,18.71514320373535
2985,18.71490478515625
2986,18.563032150268555
2987,18.57304573059082
2988,18.510103225708008
2989,18.419981002807617
2990,18.35918426513672
2991,18.27692985534668
2992,18.21112632751465
2993,18.224000930786133
2994,18.15414428710937
2995,18.018007278442383
2996,18.02897453308105
2997,17.956018447875977
2998,17.882108688354492
2999,17.824888229370117
3000,17.74311065673828
3001,17.674922943115234
3002,17.671823501586914
3003,17.544031143188477
3004,17.533063888549805
3005,17.44699478149414
3006,17.41504669189453
3007,17.34304428100586
3008,17.259836196899414
3009,17.213106155395508
3010,17.140865325927734
3011,17.06218719482422
3012,17.019033432006836
3013,16.94798469543457
3014,16.88098907470703
3015,16.811132431030273
3016,16.806840896606445
3017,16.67308807373047
3018,16.670942306518555
3019,16.595125198364258
3020,16.523122787475586
3021,16.46113395690918
3022,16.387939453125
3023,16.30997657775879
3024,16.310930252075195
3025,16.15619659423828
3026,21.14510536193848
3027,21.0878849029541
3028,20.99299430847168
3029,20.926952362060547
3030,20.89691162109375
3031,20.798921585083008
3032,20.72620391845703
3033,20.65682411193848
3034,20.59602737426757
3035,20.518064498901367
3036,20.513057708740234
3037,20.38002014160156
3038,20.370960235595703
3039,20.30611038208008
3040,20.240068435668945
3041,20.22719383239746
3042,20.14088630676269
3043,20.084142684936523
3044,19.987106323242188
3045,20.00594139099121
3046,19.85502243041992
3047,19.85716819763184
3048,19.77801322937012
3049,19.714832305908203
3050,19.68693733215332
3051,19.60611343383789
3052,19.51289176940918
3053,19.42896842956543
3054,19.37389373779297
3055,19.34504508972168
3056,19.25492286682129
3057,19.23799514770508
3058,19.12784576416016
3059,19.077062606811523
3060,18.983125686645508
3061,18.985986709594727
3062,18.84794235229492
3063,18.870115280151367
3064,18.7680721282959
3065,18.699169158935547
3066,18.62502098083496
3067,18.558979034423828
3068,18.491029739379883
3069,18.40519905090332
3070,18.33796501159668
3071,18.34988594055176
3072,18.2039737701416
3073,18.21184158325196
3074,18.12100410461425
3075,18.0659294128418
3076,18.011093139648438
3077,17.93813705444336
3078,17.8530216217041
3079,17.782926559448242
3080,17.71092414855957
3081,17.724037170410156
3082,17.57502555847168
3083,17.564058303833008
3084,17.518043518066406
3085,17.45009422302246
3086,17.374038696289062
3087,17.323970794677734
3088,17.253875732421875
3089,17.173051834106445
3090,17.115116119384766
3091,17.038822174072266
3092,16.956090927124023
3093,16.97087287902832
3094,16.820907592773438
3095,16.812801361083984
3096,16.746997833251953
3097,16.694068908691406
3098,16.618967056274414
3099,16.568899154663086
3100,16.48712158203125
3101,16.441822052001953
3102,16.354799270629883
3103,16.299962997436523
3104,16.227006912231445
3105,16.14999771118164
3106,21.14796638488769
3107,21.06595039367676
3108,20.99394798278809
3109,20.94697952270508
3110,20.86186408996582
3111,20.790815353393555
3112,20.827054977416992
3113,20.64990997314453
3114,20.65896987915039
3115,20.59316635131836
3116,20.520925521850582
3117,20.43890953063965
3118,20.374059677124023
3119,20.300865173339844
3120,20.24698257446289
3121,20.175933837890625
3122,20.112037658691406
3123,20.032167434692383
3124,20.03192901611328
3125,19.88387107849121
3126,19.870996475219727
3127,19.81210708618164
3128,19.76799964904785
3129,19.68598365783692
3130,19.62494850158692
3131,19.55509185791016
3132,19.46592330932617
3133,19.4242000579834
3134,19.320011138916016
3135,19.262075424194336
3136,19.24896240234375
3137,19.114971160888672
3138,19.12403106689453
3139,19.04892921447754
3140,18.97883415222168
3141,18.945932388305664
3142,18.8899040222168
3143,18.79811286926269
3144,18.748998641967773
3145,18.693923950195312
3146,18.66006851196289
3147,18.533945083618164
3148,18.524169921875
3149,18.464088439941406
3150,18.41115951538086
3151,18.2797908782959
3152,18.25714111328125
3153,18.19109916687012
3154,18.141984939575195
3155,18.069982528686523
3156,17.98701286315918
3157,17.92597770690918
3158,17.8680419921875
3159,17.781972885131836
3160,17.7001953125
3161,17.66800880432129
3162,17.592906951904297
3163,17.57502555847168
3164,17.507076263427734
3165,17.377138137817383
3166,17.364025115966797
3167,17.3032283782959
3168,17.23003387451172
3169,17.158031463623047
3170,17.094850540161133
3171,17.036914825439453
3172,16.973018646240234
3173,16.913890838623047
3174,16.83187484741211
3175,16.77107810974121
3176,16.754865646362305
3177,16.622066497802734
3178,16.622066497802734
3179,16.55101776123047
3180,16.483068466186523
3181,16.41988754272461
3182,16.340017318725586
3183,16.2661075592041
3184,16.268014907836914
3185,21.192073822021484
3186,21.143198013305664
3187,21.04687690734864
3188,20.987987518310547
3189,20.90620994567871
3190,20.84493637084961
3191,20.83706855773925
3192,20.69306373596192
3193,20.70307731628418
3194,20.62511444091797
3195,20.54286003112793
3196,20.49112319946289
3197,20.43008804321289
3198,20.36595344543457
3199,20.29109001159668
3200,20.216941833496094
3201,20.148038864135746
3202,20.07699012756348
3203,20.06220817565918
3204,19.926071166992188
3205,19.91605758666992
3206,19.86098289489746
3207,19.79207992553711
3208,19.73104476928711
3209,19.6528434753418
3210,19.627094268798828
3211,19.546031951904297
3212,19.49405670166016
3213,19.477128982543945
3214,19.339799880981445
3215,19.357919692993164
3216,19.25516128540039
3217,19.196033477783203
3218,19.13285255432129
3219,19.06299591064453
3220,19.00601387023925
3221,18.92399787902832
3222,18.879175186157227
3223,18.815994262695312
3224,18.716812133789062
3225,18.650054931640625
3226,18.58711242675781
3227,18.568038940429688
3228,18.4481143951416
3229,18.4328556060791
3230,18.374919891357425
3231,18.30005645751953
3232,18.24593544006348
3233,18.16987991333008
3234,18.133878707885746
3235,18.043041229248047
3236,18.02396774291992
3237,17.911911010742188
3238,17.904996871948242
3239,17.81916618347168
3240,17.777204513549805
3241,17.72594451904297
3242,17.679929733276367
3243,17.593860626220703
3244,17.543792724609375
3245,17.4410343170166
3246,17.39215850830078
3247,17.315149307250977
3248,17.27294921875
3249,17.199993133544922
3250,17.129182815551758
3251,17.066001892089844
3252,17.077922821044922
3253,16.917943954467773
3254,16.913890838623047
3255,16.843080520629883
3256,16.775846481323242
3257,16.69788360595703
3258,16.685009002685547
3259,16.549110412597656
3260,16.585826873779297
3261,16.41702651977539
3262,16.43204689025879
3263,16.35909080505371
3264,16.282081604003906
3265,16.190052032470703
3266,21.10600471496582
3267,21.058082580566406
3268,20.99323272705078
3269,20.92790603637696
3270,20.87187767028809
3271,20.792007446289062
3272,20.802021026611328
3273,20.650863647460938
3274,20.639896392822266
3275,20.56503295898437
3276,20.5080509185791
3277,20.42698860168457
3278,20.3549861907959
3279,20.26820182800293
3280,20.298004150390625
3281,20.23911476135254
3282,20.1108455657959
3283,20.10703086853028
3284,20.05195617675781
3285,19.96302604675293
3286,19.910097122192383
3287,19.824981689453125
3288,19.7451114654541
3289,19.68312263488769
3290,19.633054733276367
3291,19.620180130004883
3292,19.471168518066406
3293,19.470930099487305
3294,19.393205642700195
3295,19.320964813232425
3296,19.24610137939453
3297,19.198894500732425
3298,19.12403106689453
3299,19.04606819152832
3300,18.98503303527832
3301,18.98407936096192
3302,18.8448429107666
3303,18.85294914245605
3304,18.78023147583008
3305,18.688201904296875
3306,18.64814758300781
3307,18.56398582458496
3308,18.49198341369629
3309,18.413066864013672
3310,18.341779708862305
3311,18.35489273071289
3312,18.244028091430664
3313,18.25523376464844
3314,18.10288429260254
3315,18.11695098876953
3316,17.975807189941406
3317,17.962932586669922
3318,17.92001724243164
3319,17.824888229370117
3320,17.748117446899414
3321,17.663002014160156
3322,17.628908157348633
3323,17.60697364807129
3324,17.485857009887695
3325,17.468929290771484
3326,17.39192008972168
3327,17.333030700683594
3328,17.24696159362793
3329,17.179012298583984
3330,17.116069793701172
3331,17.03810691833496
3332,16.978025436401367
3333,16.91603660583496
3334,16.842126846313477
3335,16.760826110839844
3336,16.731977462768555
3337,16.731977462768555
3338,16.59107208251953
3339,16.581058502197266
3340,16.516923904418945
3341,16.453981399536133
3342,16.412019729614258
3343,16.356945037841797
3344,16.26110076904297
3345,16.222000122070312
3346,21.17705345153809
3347,21.13199234008789
3348,21.066904067993164
3349,21.00801467895508
3350,20.920991897583008
3351,20.85399627685547
3352,20.77889442443848
3353,20.719051361083984
3354,20.62416076660156
3355,20.589828491210938
3356,20.56288719177246
3357,20.459890365600582
3358,20.42698860168457
3359,20.35403251647949
3360,20.29109001159668
3361,20.23005485534668
3362,20.14088630676269
3363,20.06697654724121
3364,20.02096176147461
3365,19.937992095947266
3366,19.86980438232422
3367,19.80900764465332
3368,19.800901412963867
3369,19.656896591186523
3370,19.67716217041016
3371,19.52505111694336
3372,19.535064697265625
3373,19.461870193481445
3374,19.3781852722168
3375,19.32382583618164
3376,19.2410945892334
3377,19.18196678161621
3378,19.10591125488281
3379,19.060850143432617
3380,19.041061401367188
3381,18.90110969543457
3382,18.887996673583984
3383,18.845796585083008
3384,18.77880096435547
3385,18.68295669555664
3386,18.62192153930664
3387,18.559932708740234
3388,18.507003784179688
3389,18.418073654174805
3390,18.353939056396484
3391,18.26190948486328
3392,18.236875534057617
3393,18.188953399658203
3394,18.167972564697266
3395,18.049001693725582
3396,18.02897453308105
3397,17.969131469726562
3398,17.896175384521484
3399,17.845869064331055
3400,17.756938934326172
3401,17.688989639282227
3402,17.678022384643555
3403,17.56000518798828
3404,17.52185821533203
3405,17.4710750579834
3406,17.4560546875
3407,17.30799674987793
3408,17.305850982666016
3409,17.221927642822266
3410,17.18902587890625
3411,17.129898071289062
3412,17.058134078979492
3413,16.98899269104004
3414,16.99209213256836
3415,16.89004898071289
3416,16.849994659423828
3417,16.765117645263672
3418,16.731977462768555
3419,16.665935516357422
3420,16.598939895629883
3421,16.515016555786133
3422,16.476154327392578
3423,16.41678810119629
3424,16.315937042236328
3425,16.25990867614746
3426,16.177892684936523
3427,21.162986755371094
3428,21.0878849029541
3429,21.00992202758789
3430,20.95985412597656
3431,20.886898040771484
3432,20.8120346069336
3433,20.828962326049805
3434,20.68018913269043
3435,20.66612243652344
3436,20.59483528137207
3437,20.55597305297852
3438,20.48778533935547
3439,20.40910720825196
3440,20.32113075256348
3441,20.251035690307617
3442,20.18284797668457
3443,20.161151885986328
3444,20.10321617126465
3445,20.021915435791016
3446,19.92487907409668
3447,19.89388465881348
3448,19.7908878326416
3449,19.81186866760254
3450,19.67906951904297
3451,19.70911026000977
3452,19.654035568237305
3453,19.55580711364746
3454,19.46806907653809
3455,19.387006759643555
3456,19.34289932250977
3457,19.253969192504883
3458,19.18816566467285
3459,19.12403106689453
3460,19.09804344177246
3461,19.02604103088379
3462,18.893957138061523
3463,18.88298988342285
3464,18.82600784301757
3465,18.745899200439453
3466,18.68414878845215
3467,18.626928329467773
3468,18.51511001586914
3469,18.46003532409668
3470,18.38088035583496
3471,18.323898315429688
3472,18.288135528564453
3473,18.19014549255371
3474,18.18513870239257
3475,18.11695098876953
3476,18.043041229248047
3477,17.96102523803711
3478,17.889022827148438
3479,17.807960510253906
3480,17.789840698242188
3481,17.637014389038086
3482,17.66490936279297
3483,17.589092254638672
3484,17.544031143188477
3485,17.473936080932617
3486,17.419099807739258
3487,17.342805862426758
3488,17.280101776123047
3489,17.19498634338379
3490,17.13705062866211
3491,17.053842544555664
3492,17.05002784729004
3493,16.917943954467773
3494,16.910076141357422
3495,16.843795776367188
3496,16.772985458374023
3497,16.711950302124023
3498,16.640186309814453
3499,16.590118408203125
3500,16.505956649780273
3501,16.462087631225586
3502,16.37411117553711
3503,16.290903091430664
3504,16.299962997436523
3505,16.221046447753906
3506,21.121978759765625
3507,21.034955978393555
3508,20.98679542541504
3509,20.92289924621582
3510,20.865917205810547
3511,20.78700065612793
3512,20.776987075805664
3513,20.68305015563965
3514,20.66802978515625
3515,20.51997184753418
3516,20.547866821289062
3517,20.45607566833496
3518,20.38097381591797
3519,20.335912704467773
3520,20.267963409423828
3521,20.24388313293457
3522,20.100116729736328
3523,20.10798454284668
3524,20.030975341796875
3525,19.95706558227539
3526,19.906997680664062
3527,19.8359489440918
3528,19.77205276489257
3529,19.688844680786133
3530,19.628047943115234
3531,19.56009864807129
3532,19.505023956298828
3533,19.41394805908203
3534,19.36197280883789
3535,19.34099197387696
3536,19.229888916015625
3537,19.208908081054688
3538,19.146203994750977
3539,19.09804344177246
3540,19.05202865600586
3541,18.95594596862793
3542,18.90802383422852
3543,18.844127655029297
3544,18.841028213500977
3545,18.72110366821289
3546,18.652915954589844
3547,18.624067306518555
3548,18.488168716430664
3549,18.534183502197266
3550,18.446922302246094
3551,18.381118774414062
3552,18.29814910888672
3553,18.229007720947266
3554,18.167972564697266
3555,18.09906959533692
3556,18.05710792541504
3557,17.982959747314453
3558,17.90904998779297
3559,17.910003662109375
3560,17.756938934326172
3561,17.787933349609375
3562,17.64988899230957
3563,17.641067504882812
3564,17.555952072143555
3565,17.501115798950195
3566,17.41504669189453
3567,17.351865768432617
3568,17.27890968322754
3569,17.20118522644043
3570,17.164945602416992
3571,17.141103744506836
3572,17.01211929321289
3573,17.00592041015625
3574,16.955137252807617
3575,16.88218116760254
3576,16.82591438293457
3577,16.743898391723633
3578,16.66998863220215
3579,16.604900360107422
3580,16.534090042114258
3581,16.464948654174805
3582,16.399860382080078
3583,16.381025314331055
3584,16.247987747192383
3585,16.241073608398438
3586,21.13986015319824
3587,21.078109741210938
3588,21.066904067993164
3589,20.946025848388672
3590,20.94697952270508
3591,20.84517478942871
3592,20.81012725830078
3593,20.7369327545166
3594,20.67780494689941
3595,20.613908767700195
3596,20.53499221801757
3597,20.44606208801269
3598,20.44510841369629
3599,20.340919494628903
3600,20.30611038208008
3601,20.25580406188965
3602,20.20192146301269
3603,20.092010498046875
3604,20.0650691986084
3605,19.997119903564453
3606,19.9429988861084
3607,19.86002922058105
3608,19.80304718017578
3609,19.73485946655273
3610,19.659996032714844
3611,19.59514617919922
3612,19.620895385742188
3613,19.4549560546875
3614,19.454002380371094
3615,19.38796043395996
3616,19.33002471923828
3617,19.263029098510746
3618,19.197940826416016
3619,19.121885299682617
3620,19.08111572265625
3621,19.00005340576172
3622,18.9669132232666
3623,18.85509490966797
3624,18.803119659423828
3625,18.76091957092285
3626,18.71204376220703
3627,18.558025360107425
3628,18.54491233825684
3629,18.42904090881348
3630,18.418073654174805
3631,18.36395263671875
3632,18.296003341674805
3633,18.218994140625
3634,18.16391944885254
3635,18.053054809570312
3636,18.08500289916992
3637,17.956972122192383
3638,17.913103103637695
3639,17.858028411865234
3640,17.78101921081543
3641,17.7001953125
3642,17.64202117919922
3643,17.58599281311035
3644,17.553091049194336
3645,17.485857009887695
3646,17.394065856933594
3647,17.300128936767578
3648,17.279863357543945
3649,17.17400550842285
3650,17.18616485595703
3651,17.062902450561523
3652,17.069101333618164
3653,17.00615882873535
3654,16.910076141357422
3655,16.842126846313477
3656,16.749143600463867
3657,16.68405532836914
3658,16.583919525146484
3659,16.53599739074707
3660,16.55101776123047
3661,16.44301414489746
3662,16.485929489135742
3663,16.353845596313477
3664,16.258955001831055
3665,21.185874938964844
3666,21.1029052734375
3667,21.10791206359864
3668,21.01898193359375
3669,20.943164825439453
3670,20.8730697631836
3671,20.835161209106445
3672,20.762920379638672
3673,20.704984664916992
3674,20.62201499938965
3675,20.55692672729492
3676,20.47395706176757
3677,20.41101455688477
3678,20.333051681518555
3679,20.30014991760254
3680,20.22695541381836
3681,20.2178955078125
3682,20.07484436035156
3683,20.07412910461425
3684,19.99187469482422
3685,19.926071166992188
3686,19.84882354736328
3687,19.783973693847656
3688,19.7141170501709
3689,19.6530818939209
3690,19.57392692565918
3691,19.58894729614257
3692,19.4549560546875
3693,19.448041915893555
3694,19.31285858154297
3695,19.318819046020508
3696,19.26112174987793
3697,19.179105758666992
3698,19.107818603515625
3699,19.051074981689453
3700,18.9509391784668
3701,18.960952758789062
3702,18.86606216430664
3703,18.805980682373047
3704,18.73397827148437
3705,18.66602897644043
3706,18.57614517211914
3707,18.57781410217285
3708,18.497943878173828
3709,18.42808723449707
3710,18.362998962402344
3711,18.3260440826416
3712,18.31197738647461
3713,18.188953399658203
3714,18.152952194213867
3715,18.077850341796875
3716,18.01896095275879
3717,17.908096313476562
3718,17.858028411865234
3719,17.802000045776367
3720,17.78697967529297
3721,17.634868621826172
3722,17.650127410888672
3723,17.571210861206055
3724,17.503023147583008
3725,17.41814613342285
3726,17.370939254760742
3727,17.288923263549805
3728,17.197132110595703
3729,17.16780662536621
3730,17.13109016418457
3731,17.010211944580078
3732,16.9980525970459
3733,16.93582534790039
3734,16.85309410095215
3735,16.782045364379883
3736,16.71886444091797
3737,16.6471004486084
3738,16.550064086914062
3739,16.526222229003906
3740,16.48879051208496
3741,16.349077224731445
3742,16.35289192199707
3743,16.33310317993164
3744,16.252994537353516
3745,21.194934844970703
3746,21.115779876708984
3747,21.040916442871094
3748,20.95484733581543
3749,20.88189125061035
3750,20.887136459350582
3751,20.73884010314941
3752,20.735979080200195
3753,20.66302299499512
3754,20.58696746826172
3755,20.519018173217773
3756,20.47300338745117
3757,20.389080047607425
3758,20.37286758422852
3759,20.33209800720215
3760,20.1711654663086
3761,20.18594741821289
3762,20.09916305541992
3763,20.041942596435547
3764,19.95396614074707
3765,19.89293098449707
3766,19.79589462280273
3767,19.739866256713867
3768,19.67310905456543
3769,19.665002822875977
3770,19.53887939453125
3771,19.51813697814941
3772,19.39105987548828
3773,19.401073455810547
3774,19.332170486450195
3775,19.26589012145996
3776,19.190073013305664
3777,19.10710334777832
3778,19.04892921447754
3779,19.06299591064453
3780,18.921852111816406
3781,18.91398429870605
3782,18.85509490966797
3783,18.76497268676757
3784,18.70894432067871
3785,18.62192153930664
3786,18.552780151367188
3787,18.476009368896484
3788,18.40806007385254
3789,18.4171199798584
3790,18.24593544006348
3791,18.27287673950196
3792,18.146991729736328
3793,18.117904663085938
3794,18.070220947265625
3795,18.017053604125977
3796,17.892837524414062
3797,17.88187026977539
3798,17.81010627746582
3799,17.753124237060547
3800,17.668962478637695
3801,17.592191696166992
3802,17.525196075439453
3803,17.458200454711914
3804,17.396926879882812
3805,17.382144927978516
3806,17.30799674987793
3807,17.236948013305664
3808,17.167091369628906
3809,17.095088958740234
3810,17.023086547851562
3811,16.95108413696289
3812,16.89600944519043
3813,16.86692237854004
3814,16.733884811401367
3815,16.757965087890625
3816,16.676902770996094
3817,16.62921905517578
3818,16.53599739074707
3819,16.477108001708984
3820,16.392946243286133
3821,16.34979248046875
3822,16.289949417114258
3823,16.304969787597656
3824,21.194934844970703
3825,21.15797996520996
3826,21.095991134643555
3827,21.00205421447754
3828,20.9341049194336
3829,20.853042602539062
3830,20.80392837524414
3831,20.732879638671875
3832,20.65420150756836
3833,20.58911323547364
3834,20.613908767700195
3835,20.453929901123047
3836,20.47014236450196
3837,20.3859806060791
3838,20.30801773071289
3839,20.22099494934082
3840,20.16997337341309
3841,20.09797096252441
3842,20.06387710571289
3843,19.964933395385746
3844,19.9129581451416
3845,19.855976104736328
3846,19.8819637298584
3847,19.73605155944824
3848,19.73509788513184
3849,19.606828689575195
3850,19.575119018554688
3851,19.522905349731445
3852,19.47808265686035
3853,19.37198638916016
3854,19.34099197387696
3855,19.22798156738281
3856,19.25492286682129
3857,19.09089088439941
3858,19.06704902648925
3859,19.017934799194336
3860,18.9361572265625
3861,18.877029418945312
3862,18.81909370422364
3863,18.75591278076172
3864,18.69511604309082
3865,18.589019775390625
3866,18.53013038635254
3867,18.448829650878903
3868,18.46003532409668
3869,18.30291748046875
3870,18.315792083740234
3871,18.232107162475582
3872,18.162012100219727
3873,18.07212829589844
3874,18.017053604125977
3875,17.9440975189209
3876,17.888784408569336
3877,17.81606674194336
3878,17.755985260009766
3879,17.69089698791504
3880,17.64702796936035
3881,17.575979232788086
3882,17.572879791259766
3883,17.42100715637207
3884,17.41814613342285
3885,17.33112335205078
3886,17.28200912475586
3887,17.20595359802246
3888,17.14181900024414
3889,17.055034637451172
3890,16.993045806884766
3891,16.937971115112305
3892,16.87312126159668
3893,16.7849063873291
3894,16.791820526123047
3895,16.656875610351562
3896,16.675949096679688
3897,16.588926315307617
3898,16.53313636779785
3899,16.470909118652344
3900,16.39389991760254
3901,16.30878448486328
3902,16.24894142150879
3903,16.228199005126953
3904,21.14105224609375
3905,21.08001708984375
3906,20.99800109863281
3907,20.939111709594727
3908,20.87187767028809
3909,20.817995071411133
3910,20.7369327545166
3911,20.74909210205078
3912,20.605802536010746
3913,20.62416076660156
3914,20.54405212402344
3915,20.519018173217773
3916,20.41101455688477
3917,20.32303810119629
3918,20.26009559631348
3919,20.20883560180664
3920,20.11704444885254
3921,20.03192901611328
3922,19.993066787719727
3923,19.939184188842773
3924,19.87910270690918
3925,19.852876663208008
3926,19.722938537597656
3927,19.730091094970703
3928,19.62494850158692
3929,19.546985626220703
3930,19.49286460876465
3931,19.42110061645508
3932,19.34695243835449
3933,19.34695243835449
3934,19.196033477783203
3935,19.18888092041016
3936,19.09518241882324
3937,19.0730094909668
3938,18.94092559814453
3939,18.91803741455078
3940,18.85414123535156
3941,18.79477500915528
3942,18.72587203979492
3943,18.67008209228516
3944,18.6159610748291
3945,18.539905548095703
3946,18.481969833374023
3947,18.433094024658203
3948,18.352031707763672
3949,18.332958221435547
3950,18.27001571655273
3951,18.179893493652344
3952,18.133878707885746
3953,18.064022064208984
3954,18.007993698120117
3955,17.904043197631836
3956,17.863035202026367
3957,17.79913902282715
3958,17.760038375854492
3959,17.64202117919922
3960,17.644882202148438
3961,17.57502555847168
3962,17.503976821899414
3963,17.42696762084961
3964,17.36903190612793
3965,17.29583740234375
3966,17.247915267944336
3967,17.16303825378418
3968,17.116069793701172
3969,17.019033432006836
3970,17.035961151123047
3971,16.885042190551758
3972,16.891956329345703
3973,16.822099685668945
3974,16.759872436523438
3975,16.690969467163086
3976,16.623973846435547
3977,16.55411720275879
3978,16.539812088012695
3979,16.401052474975586
3980,16.390085220336914
3981,16.299962997436523
3982,16.28899574279785
3983,16.408920288085938
3984,21.100997924804688
3985,21.030902862548828
3986,20.97296714782715
3987,20.87092399597168
3988,20.869016647338867
3989,20.730018615722656
3990,20.6899642944336
3991,20.59602737426757
3992,20.60103416442871
3993,20.478010177612305
3994,20.460128784179688
3995,20.41196823120117
3996,20.31993865966797
3997,20.24388313293457
3998,20.19596099853516
3999,20.167112350463867
4000,20.10083198547364
4001,20.020008087158203
4002,19.92583274841309
4003,19.9129581451416
4004,19.867897033691406
4005,19.784927368164062
4006,19.730091094970703
4007,19.700050354003903
4008,19.614219665527344
4009,19.54984664916992
4010,19.47808265686035
4011,19.4089412689209
4012,19.357919692993164
4013,19.33884620666504
4014,19.20294761657715
4015,19.22011375427246
4016,19.07181739807129
4017,19.078969955444336
4018,18.96190643310547
4019,18.93901824951172
4020,18.88918876647949
4021,18.800020217895508
4022,18.743038177490234
4023,18.653154373168945
4024,18.61190795898437
4025,18.51701736450196
4026,18.45979690551757
4027,18.437862396240234
4028,18.341064453125
4029,18.35489273071289
4030,18.217086791992188
4031,18.1879997253418
4032,18.117904663085938
4033,18.06211471557617
4034,17.97199249267578
4035,17.9140567779541
4036,17.837047576904297
4037,17.783164978027344
4038,17.713069915771484
4039,17.71402359008789
4040,17.566919326782227
4041,17.565011978149414
4042,17.509937286376953
4043,17.43483543395996
4044,17.370939254760742
4045,17.297983169555664
4046,17.261981964111328
4047,17.184972763061523
4048,17.12799072265625
4049,17.122983932495117
4050,17.004013061523438
4051,16.97516441345215
4052,16.850948333740234
4053,16.85500144958496
4054,16.774892807006836
4055,16.762971878051758
4056,16.66998863220215
4057,16.577959060668945
4058,16.520977020263672
4059,16.417980194091797
4060,16.332149505615234
4061,16.33596420288086
4062,16.282081604003906
4063,16.211986541748047
4064,21.198034286499023
4065,21.043062210083008
4066,21.0568904876709
4067,21.00396156311035
4068,20.914077758789062
4069,20.85089683532715
4070,20.75815200805664
4071,20.711898803710938
4072,20.6599235534668
4073,20.58100700378418
4074,20.49803733825684
4075,20.462989807128903
4076,20.355939865112305
4077,20.307064056396484
4078,20.31898498535156
4079,20.222187042236328
4080,20.1718807220459
4081,20.084142684936523
4082,20.01595497131348
4083,19.964933395385746
4084,19.8819637298584
4085,19.79589462280273
4086,19.755125045776367
4087,19.69313621520996
4088,19.67597007751465
4089,19.51813697814941
4090,19.515037536621094
4091,19.45996284484864
4092,19.416093826293945
4093,19.3331241607666
4094,19.28019523620605
4095,19.251108169555664
4096,19.19102668762207
4097,19.114971160888672
4098,19.016027450561523
4099,18.958091735839844
4100,18.941879272460938
4101,18.83411407470703
4102,18.85700225830078
4103,18.7530517578125
4104,18.66388320922852
4105,18.594980239868164
4106,18.55111122131348
4107,18.4621810913086
4108,18.36991310119629
4109,18.28908920288086
4110,18.34702491760254
4111,18.192052841186523
4112,18.198013305664062
4113,18.1269645690918
4114,18.03112030029297
4115,17.982006072998047
4116,17.915010452270508
4117,17.84205436706543
4118,17.84515380859375
4119,17.704010009765625
4120,17.70782470703125
4121,17.635107040405273
4122,17.576932907104492
4123,17.506837844848633
4124,17.431974411010742
4125,17.364025115966797
4126,17.2879695892334
4127,17.222881317138672
4128,17.219066619873047
4129,17.077207565307617
4130,17.08388328552246
4131,17.041921615600586
4132,16.936063766479492
4133,16.8609619140625
4134,16.793012619018555
4135,16.72196388244629
4136,16.668081283569336
4137,16.60299301147461
4138,16.518115997314453
4139,16.464948654174805
4140,16.44301414489746
4141,16.394853591918945
4142,16.355037689208984
4143,16.2811279296875
4144,16.199111938476562
4145,21.125078201293945
4146,21.0721492767334
4147,21.04496955871582
4148,20.960092544555664
4149,20.9200382232666
4150,20.852088928222656
4151,20.76101303100586
4152,20.676136016845703
4153,20.630836486816406
4154,20.566940307617188
4155,20.49589157104492
4156,20.44105529785156
4157,20.427942276000977
4158,20.35093307495117
4159,20.26295661926269
4160,20.225048065185547
4161,20.128965377807617
4162,20.06387710571289
4163,19.97995376586914
4164,19.960880279541016
4165,19.92487907409668
4166,19.804000854492188
4167,19.752025604248047
4168,19.681930541992188
4169,19.69599723815918
4170,19.5918083190918
4171,19.52505111694336
4172,19.45781707763672
4173,19.397974014282227
4174,19.3178653717041
4175,19.243955612182617
4176,19.17886734008789
4177,19.114017486572266
4178,19.06609535217285
4179,19.025087356567383
4180,18.898963928222656
4181,18.88585090637207
4182,18.83816719055176
4183,18.79596710205078
4184,18.655776977539062
4185,18.62788200378418
4186,18.568992614746094
4187,18.509864807128903
4188,18.42498779296875
4189,18.37301254272461
4190,18.373966217041016
4191,18.311023712158203
4192,18.22781562805176
4193,18.16105842590332
4194,18.082141876220703
4195,18.02301406860352
4196,17.951011657714844
4197,17.87710189819336
4198,17.88187026977539
4199,17.732858657836914
4200,17.741918563842773
4201,17.67706871032715
4202,17.605066299438477
4203,17.528057098388672
4204,17.46392250061035
4205,17.36903190612793
4206,17.388105392456055
4207,17.248153686523438
4208,17.235994338989258
4209,17.182111740112305
4210,17.095088958740234
4211,17.02880859375
4212,16.973018646240234
4213,16.88694953918457
4214,16.809940338134766
4215,16.75701141357422
4216,16.782045364379883
4217,16.60609245300293
4218,16.61205291748047
4219,16.540050506591797
4220,16.479969024658203
4221,16.395092010498047
4222,16.326904296875
4223,16.232013702392578
4224,16.18194580078125
4225,21.06499671936035
4226,21.099090576171875
4227,21.02804183959961
4228,20.93505859375
4229,20.86377143859864
4230,20.825862884521484
4231,20.73907852172852
4232,20.701885223388672
4233,20.586013793945312
4234,20.600080490112305
4235,20.44892311096192
4236,20.43914794921875
4237,20.366907119750977
4238,20.310163497924805
4239,20.246028900146484
4240,20.209074020385746
4241,20.149946212768555
4242,20.071029663085938
4243,20.06387710571289
4244,19.9129581451416
4245,19.917011260986328
4246,19.84691619873047
4247,19.8211669921875
4248,19.77396011352539
4249,19.717931747436523
4250,19.60897445678711
4251,19.52600479125977
4252,19.443988800048828
4253,19.37198638916016
4254,19.315004348754883
4255,19.3631649017334
4256,19.22392845153809
4257,19.18983459472656
4258,19.10090446472168
4259,19.02604103088379
4260,18.97788047790528
4261,18.924951553344727
4262,18.84698867797852
4263,18.76688003540039
4264,18.750905990600582
4265,18.64886283874512
4266,18.591880798339844
4267,18.580198287963867
4268,18.42498779296875
4269,18.446922302246094
4270,18.347978591918945
4271,18.314838409423828
4272,18.19920539855957
4273,18.12601089477539
4274,18.047094345092773
4275,17.99798011779785
4276,17.96698570251465
4277,17.87710189819336
4278,17.8220272064209
4279,17.8070068359375
4280,17.666101455688477
4281,17.644882202148438
4282,17.615079879760742
4283,17.51112937927246
4284,17.431020736694336
4285,17.39811897277832
4286,17.319917678833008
4287,17.25602149963379
4288,17.160892486572266
4289,17.10796356201172
4290,17.035961151123047
4291,17.06099510192871
4292,16.90506935119629
4293,16.909122467041016
4294,16.795873641967773
4295,16.793012619018555
4296,16.64590835571289
4297,16.6318416595459
4298,16.57414436340332
4299,17.639875411987305
4300,16.51477813720703
4301,16.427040100097656
4302,16.366958618164062
4303,16.30091667175293
4304,16.232967376708984
4305,16.160964965820312
4306,21.146774291992188
4307,21.05903625488281
4308,20.996809005737305
4309,20.92313766479492
4310,20.85709571838379
4311,20.827054977416992
4312,20.725011825561523
4313,20.69997787475586
4314,20.61700820922852
4315,20.6148624420166
4316,20.491838455200195
4317,20.461082458496094
4318,20.396947860717773
4319,20.310163497924805
4320,20.25794982910156
4321,20.1871395111084
4322,20.125150680541992
4323,20.060062408447266
4324,20.00284194946289
4325,20.00093460083008
4326,19.81496810913086
4327,19.85383033752441
4328,19.767045974731445
4329,19.690990447998047
4330,19.627094268798828
4331,19.54817771911621
4332,19.48404312133789
4333,19.41490173339844
4334,19.361019134521484
4335,19.29903030395508
4336,19.23203468322754
4337,19.14501190185547
4338,19.09685134887696
4339,19.0579891204834
4340,18.92304420471192
4341,18.898963928222656
4342,18.844127655029297
4343,18.79000663757324
4344,18.72491836547852
4345,18.64194869995117
4346,18.57614517211914
4347,18.51391792297364
4348,18.4628963470459
4349,18.466949462890625
4350,18.329858779907227
4351,18.29695701599121
4352,18.249988555908203
4353,18.156051635742188
4354,18.069982528686523
4355,17.990827560424805
4356,17.95792579650879
4357,17.878055572509766
4358,17.81010627746582
4359,17.78697967529297
4360,17.667770385742188
4361,17.663002014160156
4362,17.612934112548828
4363,17.515897750854492
4364,17.477035522460938
4365,17.383813858032227
4366,17.348051071166992
4367,17.283201217651367
4368,17.1968936920166
4369,17.129182815551758
4370,17.07315444946289
4371,17.02284812927246
4372,16.94178581237793
4373,16.939163208007812
4374,16.80588722229004
4375,16.789913177490234
4376,16.730070114135742
4377,16.644954681396484
4378,16.59393310546875
4379,16.52693748474121
4380,16.440153121948242
4381,16.371965408325195
4382,16.38197898864746
4383,16.28899574279785
4384,16.22796058654785
4385,21.13795280456543
4386,21.075963973999023
4387,21.001100540161133
4388,20.94101905822754
4389,20.881175994873047
4390,20.888805389404297
4391,20.74408531188965
4392,20.74909210205078
4393,20.642995834350582
4394,20.61295509338379
4395,20.480871200561523
4396,20.46799659729004
4397,20.40600776672364
4398,20.334959030151367
4399,20.25794982910156
4400,20.19190788269043
4401,20.146846771240234
4402,20.083904266357425
4403,19.99807357788086
4404,19.95205879211425
4405,19.875049591064453
4406,19.880056381225582
4407,19.73605155944824
4408,19.717931747436523
4409,19.66118812561035
4410,19.58799362182617
4411,19.504070281982425
4412,19.440889358520508
4413,19.366979598999023
4414,19.35291290283203
4415,19.243955612182617
4416,19.25182342529297
4417,19.131898880004883
4418,19.108057022094727
4419,19.03104782104492
4420,18.97406578063965
4421,18.89920234680176
4422,18.826961517333984
4423,18.77307891845703
4424,18.67198944091797
4425,18.600940704345703
4426,18.59116554260254
4427,18.46504211425781
4428,18.48006248474121
4429,18.409013748168945
4430,18.33796501159668
4431,18.2650089263916
4432,18.199920654296875
4433,18.13507080078125
4434,18.060922622680664
4435,18.051862716674805
4436,17.924070358276367
4437,17.935991287231445
4438,17.847061157226562
4439,17.776012420654297
4440,17.704010009765625
4441,17.64392852783203
4442,17.558813095092773
4443,17.491817474365234
4444,17.422914505004883
4445,17.434120178222656
4446,17.283916473388672
4447,17.29297637939453
4448,17.23194122314453
4449,17.18282699584961
4450,17.096996307373047
4451,17.036914825439453
4452,16.993045806884766
4453,16.89600944519043
4454,16.850948333740234
4455,16.759157180786133
4456,16.71123504638672
4457,16.742944717407227
4458,16.587018966674805
4459,16.550064086914062
4460,16.456127166748047
4461,16.40605926513672
4462,16.37101173400879
4463,16.240835189819336
4464,16.202211380004883
4465,21.09980583190918
4466,21.04997634887696
4467,21.00491523742676
4468,20.92504501342773
4469,20.960092544555664
4470,20.78413963317871
4471,20.787954330444336
4472,20.68495750427246
4473,20.631074905395508
4474,20.586013793945312
4475,20.487070083618164
4476,20.42198181152344
4477,20.34211158752441
4478,20.368099212646484
4479,20.28799057006836
4480,20.21312713623047
4481,20.11299133300781
4482,20.055055618286133
4483,19.990205764770508
4484,19.92106437683105
4485,19.85502243041992
4486,19.86098289489746
4487,19.726037979125977
4488,19.68097686767578
4489,19.58799362182617
4490,19.577980041503903
4491,19.49906349182129
4492,19.455909729003903
4493,19.40608024597168
4494,19.34981346130371
4495,19.248008728027344
4496,19.18506622314453
4497,19.13094520568848
4498,19.062042236328125
4499,18.982887268066406
4500,18.97501945495605
4501,18.841028213500977
4502,18.88298988342285
4503,18.77093315124512
4504,18.70894432067871
4505,18.57805252075196
4506,18.597841262817383
4507,18.497943878173828
4508,18.445968627929688
4509,18.362998962402344
4510,18.294811248779297
4511,18.234968185424805
4512,18.16701889038086
4513,18.09906959533692
4514,18.1119441986084
4515,18.013954162597656
4516,17.956972122192383
4517,17.876148223876953
4518,17.8220272064209
4519,17.759084701538086
4520,17.6849365234375
4521,17.611980438232422
4522,17.570018768310547
4523,17.507076263427734
4524,17.43006706237793
4525,17.35401153564453
4526,17.340898513793945
4527,17.199993133544922
4528,17.195940017700195
4529,17.148971557617188
4530,17.06099510192871
4531,17.036914825439453
4532,16.926050186157227
4533,16.89314842224121
4534,16.885995864868164
4535,16.748905181884766
4536,16.685962677001953
4537,16.61396026611328
4538,16.58797264099121
4539,16.509056091308594
4540,16.48402214050293
4541,16.39413833618164
4542,16.31307601928711
4543,16.268014907836914
4544,16.18194580078125
4545,21.1789608001709
4546,21.013975143432617
4547,21.036863327026367
4548,20.96104621887207
4549,20.882129669189453
4550,20.833969116210938
4551,20.74408531188965
4552,20.704984664916992
4553,20.63584327697754
4554,20.552873611450195
4555,20.516157150268555
4556,20.43986320495605
4557,20.366907119750977
4558,20.30205726623535
4559,20.29609680175781
4560,20.142078399658203
4561,20.132064819335938
4562,20.06196975708008
4563,19.989967346191406
4564,19.91105079650879
4565,19.86289024353028
4566,19.77205276489257
4567,19.70696449279785
4568,19.639015197753903
4569,19.63496208190918
4570,19.55699920654297
4571,19.49906349182129
4572,19.43397521972656
4573,19.364118576049805
4574,19.28877830505371
4575,19.20914649963379
4576,19.13905143737793
4577,19.08397674560547
4578,19.00315284729004
4579,19.047975540161133
4580,18.90110969543457
4581,18.901824951171875
4582,18.85604858398437
4583,18.75805854797364
4584,18.685102462768555
4585,18.618106842041016
4586,18.54395866394043
4587,18.481969833374023
4588,18.41402053833008
4589,18.41092109680176
4590,18.2650089263916
4591,18.26786994934082
4592,18.20707321166992
4593,18.110036849975582
4594,18.04804801940918
4595,17.985105514526367
4596,17.90904998779297
4597,17.897844314575195
4598,17.796993255615234
4599,17.7919864654541
4600,17.69399642944336
4601,17.631053924560547
4602,17.54903793334961
4603,17.48514175415039
4604,17.428874969482422
4605,17.333984375
4606,17.282962799072266
4607,17.27914810180664
4608,17.14801788330078
4609,17.15087890625
4610,17.093896865844727
4611,16.99995994567871
4612,16.944169998168945
4613,16.86382293701172
4614,16.80612564086914
4615,16.746997833251953
4616,16.662120819091797
4617,16.6018009185791
4618,16.51787757873535
4619,16.541004180908203
4620,16.393184661865234
4621,16.374826431274414
4622,16.312122344970703
4623,16.241788864135742
4624,16.26896858215332
4625,21.09813690185547
4626,21.072864532470703
4627,21.01612091064453
4628,20.97606658935547
4629,20.883798599243164
4630,20.82490921020508
4631,20.74193954467773
4632,20.674943923950195
4633,20.603179931640625
4634,20.517826080322266
4635,20.460128784179688
4636,20.4770565032959
4637,20.31087875366211
4638,20.33400535583496
4639,20.25604248046875
4640,20.190954208374023
4641,20.123958587646484
4642,20.045042037963867
4643,19.990205764770508
4644,19.91510391235352
4645,19.847869873046875
4646,19.866943359375
4647,19.72007751464844
4648,19.708871841430664
4649,19.61207389831543
4650,19.5767879486084
4651,19.51003074645996
4652,19.49501037597656
4653,19.369125366210938
4654,19.31595802307129
4655,19.23990249633789
4656,19.170045852661133
4657,19.083023071289062
4658,19.079923629760746
4659,18.970966339111328
4660,18.96500587463379
4661,18.815040588378903
4662,18.809080123901367
4663,18.73493194580078
4664,18.657922744750977
4665,18.61500740051269
4666,18.568038940429688
4667,18.491029739379883
4668,18.481969833374023
4669,18.45693588256836
4670,18.413066864013672
4671,18.29814910888672
4672,18.24593544006348
4673,18.146991729736328
4674,18.085956573486328
4675,17.995119094848633
4676,17.92597770690918
4677,17.915010452270508
4678,17.780780792236328
4679,17.757177352905273
4680,17.718791961669922
4681,17.627954483032227
4682,17.570972442626953
4683,17.512083053588867
4684,17.457008361816406
4685,17.399072647094727
4686,17.297983169555664
4687,17.30203628540039
4688,17.240047454833984
4689,17.162084579467773
4690,17.087936401367188
4691,17.00592041015625
4692,16.978025436401367
4693,16.871929168701172
4694,16.797780990600586
4695,16.783952713012695
4696,16.660213470458984
4697,16.633987426757812
4698,16.559123992919922
4699,16.505956649780273
4700,16.451120376586914
4701,16.375064849853516
4702,16.288042068481445
4703,16.232967376708984
4704,16.18504524230957
4705,21.11506462097168
4706,21.064043045043945
4707,20.96199989318848
4708,20.92194557189941
4709,20.863056182861328
4710,20.78700065612793
4711,20.74313163757324
4712,20.67089080810547
4713,20.60985565185547
4714,20.54905891418457
4715,20.5230712890625
4716,20.452022552490234
4717,20.41101455688477
4718,20.32399177551269
4719,20.269155502319336
4720,20.25294303894043
4721,20.127058029174805
4722,20.106077194213867
4723,20.016908645629883
4724,20.001888275146484
4725,19.86885070800781
4726,19.86002922058105
4727,19.80185508728028
4728,19.70696449279785
4729,19.629955291748047
4730,19.55509185791016
4731,19.485950469970703
4732,19.48213577270508
4733,19.34480667114257
4734,19.35887336730957
4735,19.28591728210449
4736,19.21606063842773
4737,19.121885299682617
4738,19.065141677856445
4739,18.997907638549805
4740,18.942832946777344
4741,18.875837326049805
4742,18.841981887817383
4743,18.7380313873291
4744,18.748044967651367
4745,18.682003021240234
4746,18.620967864990234
4747,18.545150756835938
4748,18.50581169128418
4749,18.43118667602539
4750,18.33796501159668
4751,18.28789710998535
4752,18.200159072875977
4753,18.171072006225582
4754,18.073081970214844
4755,18.01300048828125
4756,18.002986907958984
4757,17.880916595458984
4758,17.853975296020508
4759,17.782211303710938
4760,17.781972885131836
4761,17.66204833984375
4762,17.62104034423828
4763,17.529010772705078
4764,17.453908920288086
4765,17.43006706237793
4766,17.344951629638672
4767,17.2879695892334
4768,17.25602149963379
4769,17.11893081665039
4770,17.143964767456055
4771,17.04096794128418
4772,16.9980525970459
4773,16.91412925720215
4774,16.83187484741211
4775,16.775131225585938
4776,16.75701141357422
4777,16.659975051879883
4778,16.62611961364746
4779,16.508102416992188
4780,16.46709442138672
4781,16.39699935913086
4782,16.401052474975586
4783,16.213178634643555
4784,16.22295379638672
4785,21.13795280456543
4786,21.06499671936035
4787,21.079063415527344
4788,20.930051803588867
4789,20.910978317260746
4790,20.83992958068848
4791,20.77794075012207
4792,20.708084106445312
4793,20.6289291381836
4794,20.54905891418457
4795,20.49493789672852
4796,20.43795585632324
4797,20.35999298095703
4798,20.28489112854004
4799,20.2181339263916
4800,20.14780044555664
4801,20.10393142700196
4802,20.03002166748047
4803,20.04098892211914
4804,19.92201805114746
4805,19.886016845703125
4806,19.852876663208008
4807,19.78302001953125
4808,19.693851470947266
4809,19.60897445678711
4810,19.55294609069824
4811,19.522905349731445
4812,19.379138946533203
4813,19.443035125732425
4814,19.288063049316406
4815,19.237041473388672
4816,19.23799514770508
4817,19.13714408874512
4818,19.057035446166992
4819,19.00792121887207
4820,18.91398429870605
4821,18.85104179382324
4822,18.811941146850582
4823,18.73707771301269
4824,18.656015396118164
4825,18.61405372619629
4826,18.53799819946289
4827,18.53799819946289
4828,18.36705207824707
4829,18.378019332885746
4830,18.290042877197266
4831,18.230199813842773
4832,18.17488670349121
4833,18.12410354614257
4834,18.02706718444824
4835,18.045902252197266
4836,17.92287826538086
4837,17.895936965942383
4838,17.82703399658203
4839,17.752885818481445
4840,17.702817916870117
4841,17.606019973754883
4842,17.564058303833008
4843,17.494916915893555
4844,17.449140548706055
4845,17.338991165161133
4846,17.284154891967773
4847,17.283201217651367
4848,17.14301109313965
4849,17.13109016418457
4850,17.03190803527832
4851,17.007112503051758
4852,16.902923583984375
4853,16.908884048461914
4854,16.853809356689453
4855,16.754865646362305
4856,16.703128814697266
4857,16.623973846435547
4858,16.54791831970215
4859,16.607999801635742
4860,16.479969024658203
4861,16.378164291381836
4862,16.368865966796875
4863,16.206026077270508
4864,21.20089530944824
4865,21.10886573791504
4866,21.008968353271484
4867,20.95913887023925
4868,20.892858505249023
4869,20.828962326049805
4870,20.86114883422852
4871,20.692110061645508
4872,20.711898803710938
4873,20.643234252929688
4874,20.57194709777832
4875,20.514965057373047
4876,20.431041717529297
4877,20.38288116455078
4878,20.28489112854004
4879,20.22099494934082
4880,20.207881927490234
4881,20.06196975708008
4882,20.04408836364746
4883,19.993066787719727
4884,19.91105079650879
4885,19.852161407470703
4886,19.79517936706543
4887,19.72508430480957
4888,19.6378231048584
4889,19.567012786865234
4890,19.498825073242188
4891,19.44184303283692
4892,19.423961639404297
4893,19.306182861328125
4894,19.321203231811523
4895,19.171953201293945
4896,19.16098594665528
4897,19.10996437072754
4898,19.016027450561523
4899,18.970966339111328
4900,18.897056579589844
4901,18.82004737854004
4902,18.77903938293457
4903,18.7070369720459
4904,18.64409446716309
4905,18.55397224426269
4906,18.56708526611328
4907,18.42284202575684
4908,18.455028533935547
4909,18.383026123046875
4910,18.280982971191406
4911,18.290042877197266
4912,18.192052841186523
4913,18.15199851989746
4914,18.08810234069824
4915,18.03803443908692
4916,17.93694496154785
4917,17.8680419921875
4918,17.802953720092773
4919,17.78101921081543
4920,17.660140991210938
4921,17.589092254638672
4922,17.552852630615234
4923,17.490863800048828
4924,17.40097999572754
4925,17.38715171813965
4926,17.297983169555664
4927,17.328977584838867
4928,17.221927642822266
4929,17.155885696411133
4930,17.08698272705078
4931,16.97707176208496
4932,16.89004898071289
4933,16.85309410095215
4934,16.78609848022461
4935,16.77393913269043
4936,16.592979431152344
4937,16.643047332763672
4938,16.559123992919922
4939,16.501188278198242
4940,16.41988754272461
4941,16.35599136352539
4942,16.336917877197266
4943,16.222000122070312
4944,21.163225173950195
4945,21.13509178161621
4946,21.027088165283203
4947,21.005868911743164
4948,20.949125289916992
4949,20.862817764282227
4950,20.795106887817383
4951,20.71094512939453
4952,20.63202857971192
4953,20.56097984313965
4954,20.509004592895508
4955,20.483970642089844
4956,20.468950271606445
4957,20.39504051208496
4958,20.29299736022949
4959,20.21002769470215
4960,20.151853561401367
4961,20.09296417236328
4962,20.06196975708008
4963,19.956111907958984
4964,19.885778427124023
4965,19.79804039001465
4966,19.82712745666504
4967,19.68002319335937
4968,19.607067108154297
4969,19.58298683166504
4970,19.53911781311035
4971,19.42610740661621
4972,19.423961639404297
4973,19.34695243835449
4974,19.309043884277344
4975,19.221067428588867
4976,19.145965576171875
4977,19.08397674560547
4978,19.115209579467773
4979,18.98503303527832
4980,18.9669132232666
4981,18.91613006591797
4982,18.841981887817383
4983,18.77093315124512
4984,18.685102462768555
4985,18.630027770996094
4986,18.555164337158203
4987,18.48912239074707
4988,18.445968627929688
4989,18.3401107788086
4990,18.330097198486328
4991,18.219947814941406
4992,18.16010475158692
4993,18.10598373413086
4994,18.101930618286133
4995,17.959117889404297
4996,17.95506477355957
4997,17.89093017578125
4998,17.841100692749023
4999,17.756223678588867
5000,17.69399642944336
5001,17.609119415283203
5002,17.6088809967041
5003,17.455101013183594
5004,17.487049102783203
5005,17.314910888671875
5006,17.30799674987793
5007,17.29297637939453
5008,17.197847366333008
5009,17.16899871826172
5010,17.09914207458496
5011,17.010211944580078
5012,16.942977905273438
5013,16.855955123901367
5014,16.859054565429688
5015,16.724824905395508
5016,16.752958297729492
5017,16.67308807373047
5018,16.601085662841797
5019,16.53003692626953
5020,16.464948654174805
5021,16.387939453125
5022,16.356945037841797
5023,16.26896858215332
5024,16.198158264160156
5025,21.17514610290528
5026,21.07405662536621
5027,21.01683616638184
5028,20.95508575439453
5029,20.848989486694336
5030,20.81012725830078
5031,20.827054977416992
5032,20.672082901000977
5033,20.65610885620117
5034,20.59483528137207
5035,20.49493789672852
5036,20.47300338745117
5037,20.40886878967285
5038,20.31898498535156
5039,20.26510238647461
5040,20.206928253173828
5041,20.142078399658203
5042,20.04408836364746
5043,20.068883895874023
5044,19.916772842407227
5045,19.9580192565918
5046,19.84214782714844
5047,19.78015899658203
5048,19.70505714416504
5049,19.68598365783692
5050,19.596099853515625
5051,19.534826278686523
5052,19.43683624267578
5053,19.450902938842773
5054,19.34504508972168
5055,19.34504508972168
5056,19.25301551818848
5057,19.199848175048828
5058,19.088029861450195
5059,19.073963165283203
5060,18.963098526000977
5061,18.884897232055664
5062,18.82195472717285
5063,18.8138484954834
5064,18.667221069335938
5065,18.707990646362305
5066,18.61000061035156
5067,18.519163131713867
5068,18.45693588256836
5069,18.416166305541992
5070,18.341064453125
5071,18.259048461914062
5072,18.24188232421875
5073,18.16391944885254
5074,18.058061599731445
5075,17.999887466430664
5076,17.940044403076172
5077,17.919063568115234
5078,17.78101921081543
5079,17.768144607543945
5080,17.69709587097168
5081,17.631053924560547
5082,17.562150955200195
5083,17.480850219726562
5084,17.400026321411133
5085,17.41194725036621
5086,17.25006103515625
5087,17.254114151000977
5088,17.169952392578125
5089,17.13395118713379
5090,17.03500747680664
5091,16.957998275756836
5092,16.923904418945312
5093,16.834020614624023
5094,16.794919967651367
5095,16.710996627807617
5096,16.662120819091797
5097,16.62898063659668
5098,16.483068466186523
5099,16.48092269897461
5100,16.42894744873047
5101,16.354084014892578
5102,16.28398895263672
5103,16.206979751586914
5104,21.19612693786621
5105,21.13485336303711
5106,21.058082580566406
5107,20.97487449645996
5108,20.917892456054688
5109,20.855188369750977
5110,20.776987075805664
5111,20.752906799316406
5112,20.68090438842773
5113,20.610809326171875
5114,20.547866821289062
5115,20.47896385192871
5116,20.431995391845703
5117,20.36404609680176
5118,20.251035690307617
5119,20.219087600708008
5120,20.19596099853516
5121,20.06816864013672
5122,20.066022872924805
5123,19.98496055603028
5124,19.908905029296875
5125,19.85001564025879
5126,19.77801322937012
5127,19.68693733215332
5128,19.62494850158692
5129,19.56796646118164
5130,19.5620059967041
5131,19.47593688964844
5132,19.39988136291504
5133,19.31619644165039
5134,19.262075424194336
5135,19.20604705810547
5136,19.13094520568848
5137,19.10710334777832
5138,18.9969539642334
5139,18.930912017822266
5140,18.848180770874023
5141,18.78499984741211
5142,18.759965896606445
5143,18.685102462768555
5144,18.66292953491211
5145,18.52893829345703
5146,18.52703094482422
5147,18.49007606506348
5148,18.38994026184082
5149,18.311023712158203
5150,18.247127532958984
5151,18.233060836791992
5152,18.07999610900879
5153,18.09406280517578
5154,18.014907836914062
5155,17.925024032592773
5156,17.915964126586914
5157,17.82393455505371
5158,17.76885986328125
5159,17.679929733276367
5160,17.611980438232422
5161,17.50779151916504
5162,17.493009567260742
5163,17.462968826293945
5164,17.332077026367188
5165,17.314910888671875
5166,17.26698875427246
5167,17.18306541442871
5168,17.10796356201172
5169,17.06385612487793
5170,16.97397232055664
5171,16.9069766998291
5172,16.830921173095703
5173,16.772031784057617
5174,16.68691635131836
5175,16.689062118530273
5176,16.613006591796875
5177,16.53599739074707
5178,16.448974609375
5179,16.402006149291992
5180,16.321897506713867
5181,16.247987747192383
5182,16.160964965820312
5183,16.199111938476562
5184,21.09503746032715
5185,21.0268497467041
5186,20.9500789642334
5187,20.875215530395508
5188,20.807981491088867
5189,20.74980735778809
5190,20.704984664916992
5191,20.611047744750977
5192,20.542144775390625
5193,20.55597305297852
5194,20.43795585632324
5195,20.390987396240234
5196,20.38192749023437
5197,20.273208618164062
5198,20.206928253173828
5199,20.13111114501953
5200,20.11394500732422
5201,19.98209953308105
5202,19.956111907958984
5203,19.901037216186523
5204,19.84882354736328
5205,19.77992057800293
5206,19.754886627197266
5207,19.695043563842773
5208,19.659996032714844
5209,19.58584785461425
5210,19.50693130493164
5211,19.446849822998047
5212,19.366025924682617
5213,19.31190490722656
5214,19.312143325805664
5215,19.1650390625
5216,19.13905143737793
5217,19.09804344177246
5218,19.01698112487793
5219,18.940210342407227
5220,18.8589096069336
5221,18.805980682373047
5222,18.73612403869629
5223,18.64790916442871
5224,18.66316795349121
5225,18.53489875793457
5226,18.5239315032959
5227,18.38397979736328
5228,18.40996742248535
5229,18.346071243286133
5230,18.24498176574707
5231,18.177032470703125
5232,18.15009117126465
5233,18.07093620300293
5234,17.99607276916504
5235,17.934083938598633
5236,17.85588264465332
5237,17.82703399658203
5238,17.759084701538086
5239,17.68803596496582
5240,17.66204833984375
5241,17.53711700439453
5242,17.525911331176758
5243,17.45891571044922
5244,17.38595962524414
5245,17.312049865722656
5246,17.23790168762207
5247,17.169952392578125
5248,17.096996307373047
5249,17.042875289916992
5250,17.027854919433594
5251,16.885995864868164
5252,16.932010650634766
5253,16.764163970947266
5254,16.76487922668457
5255,16.690969467163086
5256,16.65496826171875
5257,16.560792922973633
5258,16.47496223449707
5259,16.401052474975586
5260,16.376018524169922
5261,16.314029693603516
5262,16.2961483001709
5263,21.17514610290528
5264,21.110057830810547
5265,21.04496955871582
5266,20.95198631286621
5267,20.88189125061035
5268,20.832061767578125
5269,20.8120346069336
5270,20.68209648132324
5271,20.68090438842773
5272,20.611047744750977
5273,20.552873611450195
5274,20.54882049560547
5275,20.388126373291016
5276,20.34807205200196
5277,20.286083221435547
5278,20.21503448486328
5279,20.14899253845215
5280,20.06816864013672
5281,20.056962966918945
5282,19.92201805114746
5283,19.92106437683105
5284,19.782066345214844
5285,19.77992057800293
5286,19.694089889526367
5287,19.60897445678711
5288,19.55294609069824
5289,19.46711540222168
5290,19.412994384765625
5291,19.32215690612793
5292,19.288063049316406
5293,19.24896240234375
5294,19.143104553222656
5295,19.12093162536621
5296,19.0579891204834
5297,19.017934799194336
5298,18.957853317260746
5299,18.84603500366211
5300,18.79405975341797
5301,18.72086524963379
5302,18.63908767700196
5303,18.60189437866211
5304,18.52297782897949
5305,18.447160720825195
5306,18.376827239990234
5307,18.372058868408203
5308,18.23115348815918
5309,18.23091506958008
5310,18.171072006225582
5311,18.10288429260254
5312,18.12100410461425
5313,17.9750919342041
5314,17.889976501464844
5315,17.88187026977539
5316,17.731904983520508
5317,17.759084701538086
5318,17.618894577026367
5319,17.634153366088867
5320,17.540931701660156
5321,17.46511459350586
5322,17.410993576049805
5323,17.323017120361328
5324,17.250776290893555
5325,17.199039459228516
5326,17.132997512817383
5327,17.138957977294922
5328,17.06695556640625
5329,16.983985900878906
5330,16.910076141357422
5331,16.832828521728516
5332,16.761064529418945
5333,16.695022583007812
5334,16.632795333862305
5335,16.61992073059082
5336,16.499042510986328
5337,16.48688316345215
5338,16.44587516784668
5339,16.34693145751953
5340,16.308069229125977
5341,16.206979751586914
5342,21.21710777282715
5343,21.132946014404297
5344,21.05903625488281
5345,20.987987518310547
5346,20.951032638549805
5347,20.869016647338867
5348,20.78509330749512
5349,20.732879638671875
5350,20.672082901000977
5351,20.587921142578125
5352,20.576953887939453
5353,20.457029342651367
5354,20.44320106506348
5355,20.38502693176269
5356,20.325899124145508
5357,21.136045455932617
5358,20.190954208374023
5359,20.08318901062012
5360,20.07889747619629
5361,19.958972930908203
5362,19.95706558227539
5363,19.815921783447266
5364,19.78898048400879
5365,19.76299285888672
5366,19.665002822875977
5367,19.60897445678711
5368,19.54197883605957
5369,19.509077072143555
5370,19.43206787109375
5371,19.349098205566406
5372,19.26589012145996
5373,19.190073013305664
5374,19.21296119689941
5375,19.060134887695312
5376,19.041061401367188
5377,18.98407936096192
5378,18.922090530395508
5379,18.857955932617188
5380,18.786191940307617
5381,18.71490478515625
5382,18.6460018157959
5383,18.5549259185791
5384,18.57900619506836
5385,18.445968627929688
5386,18.43404769897461
5387,18.36681365966797
5388,18.312931060791016
5389,18.25404167175293
5390,18.190860748291016
5391,18.09310913085937
5392,18.03016662597656
5393,18.02992820739746
5394,17.88806915283203
5395,17.893075942993164
5396,17.819881439208984
5397,17.774105072021484
5398,17.706871032714844
5399,17.62700080871582
5400,17.566919326782227
5401,17.479896545410156
5402,17.431974411010742
5403,17.33708381652832
5404,17.28200912475586
5405,17.284870147705078
5406,17.14491844177246
5407,17.143964767456055
5408,17.055034637451172
5409,16.993999481201172
5410,16.956090927124023
5411,16.897916793823242
5412,16.80898666381836
5413,16.748905181884766
5414,16.68691635131836
5415,16.588926315307617
5416,16.53003692626953
5417,16.518115997314453
5418,16.397953033447266
5419,16.38317108154297
5420,16.33000373840332
5421,16.282081604003906
5422,16.216039657592773
5423,21.10910415649414
5424,21.04496955871582
5425,20.962953567504883
5426,20.905017852783203
5427,20.87998390197754
5428,20.771026611328125
5429,20.694971084594727
5430,20.6298828125
5431,20.6289291381836
5432,20.521879196166992
5433,20.483970642089844
5434,20.42698860168457
5435,20.374059677124023
5436,20.366191864013672
5437,20.23792266845703
5438,20.21002769470215
5439,20.17402648925781
5440,20.061016082763672
5441,20.004987716674805
5442,19.936084747314453
5443,19.849777221679688
5444,19.79899406433105
5445,19.76895332336425
5446,19.67000961303711
5447,19.61302757263184
5448,19.603967666625977
5449,19.476890563964844
5450,19.455909729003903
5451,19.390106201171875
5452,19.330978393554688
5453,19.27781105041504
5454,19.18792724609375
5455,19.13309097290039
5456,19.081830978393555
5457,19.08087730407715
5458,19.004106521606445
5459,18.90707015991211
5460,18.898963928222656
5461,18.82195472717285
5462,18.80192756652832
5463,18.69797706604004
5464,18.59712600708008
5465,18.56708526611328
5466,18.478870391845703
5467,18.40806007385254
5468,18.31793785095215
5469,18.268823623657227
5470,18.20683479309082
5471,18.13817024230957
5472,18.124818801879883
5473,18.013954162597656
5474,17.98105239868164
5475,17.94600486755371
5476,17.89689064025879
5477,17.807960510253906
5478,17.71712303161621
5479,17.634153366088867
5480,17.55499839782715
5481,17.49110221862793
5482,17.498016357421875
5483,17.37499237060547
5484,17.369985580444336
5485,17.236948013305664
5486,17.213106155395508
5487,17.131805419921875
5488,17.094850540161133
5489,17.040014266967773
5490,16.91889762878418
5491,16.85309410095215
5492,16.8609619140625
5493,16.769886016845703
5494,16.689062118530273
5495,16.64876937866211
5496,16.61396026611328
5497,16.489028930664062
5498,16.480207443237305
5499,16.41702651977539
5500,16.33596420288086
5501,16.283035278320312
5502,16.212940216064453
5503,21.16608619689941
5504,21.0871696472168
5505,21.027088165283203
5506,20.967960357666016
5507,20.914077758789062
5508,20.844221115112305
5509,20.77817916870117
5510,20.676851272583008
5511,20.730018615722656
5512,20.607948303222656
5513,20.576000213623047
5514,20.41888236999512
5515,20.42508125305176
5516,20.38097381591797
5517,20.28894424438477
5518,20.203113555908203
5519,20.149946212768555
5520,20.08819580078125
5521,20.04098892211914
5522,19.942045211791992
5523,19.8819637298584
5524,19.822120666503903
5525,19.742965698242188
5526,19.6990966796875
5527,19.71602439880371
5528,19.578933715820312
5529,19.542932510375977
5530,19.49906349182129
5531,19.42300796508789
5532,19.35887336730957
5533,19.29616928100586
5534,19.21391487121582
5535,19.165992736816406
5536,19.09208297729492
5537,19.09685134887696
5538,18.91303062438965
5539,18.95904541015625
5540,18.841028213500977
5541,18.81098747253418
5542,18.774986267089844
5543,18.687963485717773
5544,18.616914749145508
5545,18.5549259185791
5546,18.46909523010254
5547,18.4171199798584
5548,18.362998962402344
5549,18.27788352966309
5550,18.198013305664062
5551,18.186092376708984
5552,18.064022064208984
5553,18.06902885437012
5554,18.0051326751709
5555,17.910003662109375
5556,17.843961715698242
5557,17.773866653442383
5558,17.785072326660156
5559,17.750024795532227
5560,17.58718490600586
5561,17.52185821533203
5562,17.444133758544922
5563,17.457962036132812
5564,17.297029495239258
5565,17.332077026367188
5566,17.222166061401367
5567,17.158031463623047
5568,17.07601547241211
5569,17.019987106323242
5570,16.969919204711914
5571,16.891956329345703
5572,16.81995391845703
5573,16.772031784057617
5574,16.681909561157227
5575,16.679048538208008
5576,16.56508445739746
5577,16.546010971069336
5578,16.4639949798584
5579,16.395092010498047
5580,16.32404327392578
5581,16.24608039855957
5582,16.24298095703125
5583,21.136045455932617
5584,21.10600471496582
5585,21.029949188232425
5586,20.969152450561523
5587,20.8890438079834
5588,20.826101303100582
5589,20.75481414794922
5590,20.67804336547852
5591,20.60508728027344
5592,20.56193351745605
5593,20.480871200561523
5594,20.47610282897949
5595,20.373106002807617
5596,20.35117149353028
5597,20.267963409423828
5598,20.215988159179688
5599,20.13421058654785
5600,20.059823989868164
5601,19.95706558227539
5602,19.882917404174805
5603,19.83022689819336
5604,19.85788345336914
5605,19.71292495727539
5606,19.71316337585449
5607,19.577980041503903
5608,19.59395408630371
5609,19.510984420776367
5610,19.45018768310547
5611,19.364118576049805
5612,19.30093765258789
5613,19.23203468322754
5614,19.179105758666992
5615,19.095897674560547
5616,19.025087356567383
5617,18.95904541015625
5618,18.961191177368164
5619,18.82290840148925
5620,18.811941146850582
5621,18.67985725402832
5622,18.66006851196289
5623,18.59307289123535
5624,18.53489875793457
5625,18.470048904418945
5626,18.38898658752441
5627,18.3258056640625
5628,18.259048461914062
5629,18.27096939086914
5630,18.110036849975582
5631,18.108129501342773
5632,18.040895462036133
5633,17.953157424926758
5634,17.88187026977539
5635,17.82393455505371
5636,17.763137817382812
5637,17.68803596496582
5638,17.616987228393555
5639,17.540931701660156
5640,17.482995986938477
5641,17.48204231262207
5642,17.385005950927734
5643,17.328977584838867
5644,17.254114151000977
5645,17.18592643737793
5646,17.096996307373047
5647,17.030954360961914
5648,16.956806182861328
5649,16.90983772277832
5650,16.828060150146484
5651,16.76487922668457
5652,16.695022583007812
5653,16.660213470458984
5654,16.53599739074707
5655,16.55101776123047
5656,16.482830047607422
5657,16.414880752563477
5658,16.45803451538086
5659,16.314029693603516
5660,16.260147094726562
5661,21.21591567993164
5662,21.090984344482425
5663,21.067142486572266
5664,20.98917961120605
5665,20.910024642944336
5666,20.82085609436035
5667,20.756006240844727
5668,20.665884017944336
5669,20.60508728027344
5670,20.54595947265625
5671,20.53403854370117
5672,20.40410041809082
5673,20.41506767272949
5674,20.339012145996094
5675,20.312070846557617
5676,20.22290229797364
5677,20.155906677246094
5678,20.06196975708008
5679,20.00093460083008
5680,19.98281478881836
5681,19.834041595458984
5682,19.809961318969727
5683,19.762039184570312
5684,19.717931747436523
5685,19.667863845825195
5686,19.56105232238769
5687,19.50001716613769
5688,19.418954849243164
5689,19.35887336730957
5690,19.28591728210449
5691,19.207000732421875
5692,19.22082901000977
5693,19.08087730407715
5694,19.0579891204834
5695,19.01102066040039
5696,18.952131271362305
5697,18.91708374023437
5698,18.82791519165039
5699,18.73707771301269
5700,18.696069717407227
5701,18.596887588500977
5702,18.599987030029297
5703,18.4628963470459
5704,18.49198341369629
5705,18.41282844543457
5706,18.32890510559082
5707,18.253087997436523
5708,18.185853958129883
5709,18.114089965820312
5710,18.077850341796875
5711,18.002033233642578
5712,17.956972122192383
5713,17.83299446105957
5714,17.82512664794922
5715,17.782926559448242
5716,17.70305633544922
5717,17.611980438232422
5718,17.54283905029297
5719,17.47298240661621
5720,17.400026321411133
5721,17.338037490844727
5722,17.321109771728516
5723,17.184019088745117
5724,17.210960388183594
5725,17.132997512817383
5726,17.04096794128418
5727,16.991853713989258
5728,16.893863677978516
5729,16.821861267089844
5730,16.837120056152344
5731,16.687870025634766
5732,16.695022583007812
5733,16.595125198364258
5734,16.530990600585938
5735,16.4639949798584
5736,16.405105590820312
5737,16.32094383239746
5738,16.25204086303711
5739,16.210079193115234
5740,21.17395401000977
5741,21.136999130249023
5742,21.090030670166016
5743,21.003007888793945
5744,20.94888687133789
5745,20.86997032165528
5746,20.77007293701172
5747,20.767927169799805
5748,20.6298828125
5749,20.6289291381836
5750,20.53499221801757
5751,20.47300338745117
5752,20.41506767272949
5753,20.33710479736328
5754,20.272016525268555
5755,20.212888717651367
5756,20.122766494750977
5757,20.051002502441406
5758,20.009994506835938
5759,20.021915435791016
5760,19.876956939697266
5761,19.882917404174805
5762,19.784927368164062
5763,19.7141170501709
5764,19.636869430541992
5765,19.572973251342773
5766,19.485950469970703
5767,19.483089447021484
5768,19.33503150939941
5769,19.3328857421875
5770,19.25802230834961
5771,19.2110538482666
5772,19.077777862548828
5773,19.079923629760746
5774,19.00601387023925
5775,18.928050994873047
5776,18.86892318725586
5777,18.7990665435791
5778,18.735885620117188
5779,18.73087882995605
5780,18.61882209777832
5781,18.53609085083008
5782,18.47386360168457
5783,18.472909927368164
5784,18.33105087280273
5785,18.325090408325195
5786,18.271923065185547
5787,18.1879997253418
5788,18.128156661987305
5789,18.05901527404785
5790,17.991065979003906
5791,18.007993698120117
5792,17.857074737548828
5793,17.878055572509766
5794,17.734050750732422
5795,17.741918563842773
5796,17.664194107055664
5797,17.59815216064453
5798,17.53687858581543
5799,17.467975616455078
5800,17.39215850830078
5801,17.34304428100586
5802,17.25292205810547
5803,17.266035079956055
5804,17.125844955444336
5805,17.13109016418457
5806,17.06099510192871
5807,16.983985900878906
5808,16.92485809326172
5809,16.882896423339844
5810,16.81804656982422
5811,16.737937927246094
5812,16.652822494506836
5813,16.644954681396484
5814,16.602039337158203
5815,16.51287078857422
5816,16.45803451538086
5817,16.384124755859375
5818,16.386032104492188
5819,16.247034072875977
5820,16.23392105102539
5821,21.139144897460938
5822,21.075963973999023
5823,20.99800109863281
5824,20.90311050415039
5825,20.852088928222656
5826,20.879030227661133
5827,20.713090896606445
5828,20.70784568786621
5829,20.65396308898925
5830,20.591020584106445
5831,20.505905151367188
5832,20.44987678527832
5833,20.36404609680176
5834,20.30491828918457
5835,20.24388313293457
5836,20.179033279418945
5837,20.1101303100586
5838,20.089149475097656
5839,19.953012466430664
5840,19.946813583374023
5841,19.866943359375
5842,19.800901412963867
5843,19.758939743041992
5844,19.65618133544922
5845,19.59395408630371
5846,19.541025161743164
5847,19.437074661254883
5848,19.48094367980957
5849,19.34289932250977
5850,19.37508583068848
5851,19.209861755371094
5852,19.210100173950195
5853,19.137859344482425
5854,19.06704902648925
5855,19.010066986083984
5856,18.934965133666992
5857,18.8748836517334
5858,18.8140869140625
5859,18.70298385620117
5860,18.69416236877441
5861,18.60594749450684
5862,18.62311363220215
5863,18.531084060668945
5864,18.47982406616211
5865,18.38397979736328
5866,18.326997756958008
5867,18.33796501159668
5868,18.19109916687012
5869,18.167972564697266
5870,18.096923828125
5871,18.05591583251953
5872,17.93694496154785
5873,17.917156219482422
5874,17.83895492553711
5875,17.789125442504883
5876,17.69423484802246
5877,17.65608787536621
5878,17.5631046295166
5879,17.528057098388672
5880,17.435789108276367
5881,17.36593246459961
5882,17.299175262451172
5883,17.282962799072266
5884,17.206907272338867
5885,17.172813415527344
5886,17.086029052734375
5887,17.03500747680664
5888,16.95084571838379
5889,16.89004898071289
5890,16.797780990600586
5891,16.79205894470215
5892,16.669034957885742
5893,16.622066497802734
5894,16.54195785522461
5895,16.54219627380371
5896,16.418933868408203
5897,16.387939453125
5898,16.329050064086914
5899,16.282081604003906
5900,21.19588851928711
5901,21.109819412231445
5902,21.06189727783203
5903,20.94888687133789
5904,20.910978317260746
5905,20.893096923828125
5906,20.77603340148925
5907,20.72310447692871
5908,20.652055740356445
5909,20.667076110839844
5910,20.53189277648925
5911,20.511150360107425
5912,20.46418190002441
5913,20.36881446838379
5914,20.38192749023437
5915,20.219087600708008
5916,20.22695541381836
5917,20.164012908935547
5918,20.077943801879883
5919,20.0040340423584
5920,19.966840744018555
5921,19.867897033691406
5922,19.804000854492188
5923,19.74701881408692
5924,19.66714859008789
5925,19.598960876464844
5926,19.59705352783203
5927,19.454002380371094
5928,19.456148147583008
5929,19.387006759643555
5930,19.29616928100586
5931,19.273042678833008
5932,19.18911933898925
5933,19.11616325378418
5934,19.05989646911621
5935,18.94688606262207
5936,18.918991088867188
5937,18.841028213500977
5938,18.841028213500977
5939,18.711090087890625
5940,18.693208694458008
5941,18.65506172180176
5942,18.57209205627441
5943,18.52607727050781
5944,18.446922302246094
5945,18.3711051940918
5946,18.297195434570312
5947,18.23592185974121
5948,18.19014549255371
5949,18.085956573486328
5950,18.119096755981445
5951,17.921924591064453
5952,17.96698570251465
5953,17.904043197631836
5954,17.821073532104492
5955,17.746925354003906
5956,17.695188522338867
5957,17.601966857910156
5958,17.555952072143555
5959,17.45891571044922
5960,17.4710750579834
5961,17.30489730834961
5962,17.36593246459961
5963,17.194032669067383
5964,17.199039459228516
5965,17.14777946472168
5966,17.066001892089844
5967,16.987085342407227
5968,16.94202423095703
5969,16.852140426635742
5970,16.835927963256836
5971,16.739845275878906
5972,16.666173934936523
5973,16.595840454101562
5974,16.59083366394043
5975,16.418933868408203
5976,16.431093215942383
5977,16.375064849853516
5978,16.305923461914062
5979,16.208887100219727
5980,16.177892684936523
5981,21.13986015319824
5982,21.05998992919922
5983,20.97797393798828
5984,20.926952362060547
5985,20.86710929870605
5986,20.77603340148925
5987,20.728111267089844
5988,20.66612243652344
5989,20.643949508666992
5990,20.50495147705078
5991,20.529985427856445
5992,20.42984962463379
5993,20.35307884216309
5994,20.32089233398437
5995,20.21193504333496
5996,20.14899253845215
5997,20.09415626525879
5998,19.989013671875
5999,19.987106323242188
6000,19.87290382385254
6001,19.861936569213867
6002,19.79303359985352
6003,19.74010467529297
6004,19.665002822875977
6005,19.64116096496582
6006,19.550085067749023
6007,19.5767879486084
6008,19.43397521972656
6009,19.437074661254883
6010,19.332170486450195
6011,19.2861557006836
6012,19.215106964111328
6013,19.149065017700195
6014,19.098997116088867
6015,19.00911331176757
6016,18.95618438720703
6017,18.952131271362305
6018,18.7978744506836
6019,18.79596710205078
6020,18.751859664916992
6021,18.66006851196289
6022,18.598079681396484
6023,18.49818229675293
6024,18.45097541809082
6025,18.390893936157227
6026,18.31221580505371
6027,18.26810836791992
6028,18.197059631347656
6029,18.198013305664062
6030,18.049955368041992
6031,18.02802085876465
6032,17.987966537475586
6033,17.90595054626465
6034,17.817020416259766
6035,17.778873443603516
6036,17.693042755126953
6037,17.628908157348633
6038,17.60697364807129
6039,17.56000518798828
6040,17.44985580444336
6041,17.47298240661621
6042,17.34304428100586
6043,17.370939254760742
6044,17.288923263549805
6045,17.20285415649414
6046,17.12489128112793
6047,17.06385612487793
6048,17.013072967529297
6049,16.98589324951172
6050,16.859054565429688
6051,16.87002182006836
6052,16.769886016845703
6053,16.705989837646484
6054,16.6170597076416
6055,16.56198501586914
6056,16.568899154663086
6057,16.405105590820312
6058,16.418933868408203
6059,16.30997657775879
6060,16.293048858642578
6061,16.25990867614746
6062,21.14701271057129
6063,21.09384536743164
6064,21.05283737182617
6065,20.978212356567383
6066,20.869016647338867
6067,20.83992958068848
6068,20.737171173095703
6069,20.67399024963379
6070,20.673036575317383
6071,20.54405212402344
6072,20.519018173217773
6073,20.457983016967773
6074,20.41792869567871
6075,20.31898498535156
6076,20.22790908813477
6077,20.16901969909668
6078,20.183086395263672
6079,20.083904266357425
6080,20.03192901611328
6081,19.97208595275879
6082,19.9429988861084
6083,19.77181434631348
6084,19.783973693847656
6085,19.706010818481445
6086,19.627094268798828
6087,19.5620059967041
6088,19.49501037597656
6089,19.453048706054688
6090,19.416093826293945
6091,19.29903030395508
6092,19.22893524169922
6093,19.201993942260746
6094,19.09804344177246
6095,19.032001495361328
6096,19.02294158935547
6097,18.897056579589844
6098,18.89491081237793
6099,18.83220672607422
6100,18.74709129333496
6101,18.67604255676269
6102,18.606185913085938
6103,18.53609085083008
6104,18.50414276123047
6105,18.466949462890625
6106,18.3868408203125
6107,18.312931060791016
6108,18.2650089263916
6109,18.198013305664062
6110,18.121957778930664
6111,18.0959701538086
6112,17.978906631469727
6113,17.94290542602539
6114,17.89116859436035
6115,17.792940139770508
6116,17.736196517944336
6117,17.71998405456543
6118,17.64512062072754
6119,17.56906509399414
6120,17.478227615356445
6121,17.419815063476562
6122,17.3490047454834
6123,17.290115356445312
6124,17.17996597290039
6125,17.215967178344727
6126,17.065048217773438
6127,17.062902450561523
6128,17.00305938720703
6129,16.94798469543457
6130,16.903162002563477
6131,16.789913177490234
6132,16.726970672607422
6133,16.69001579284668
6134,16.595125198364258
6135,16.53003692626953
6136,16.461849212646484
6137,16.431093215942383
6138,16.354084014892578
6139,16.356945037841797
6140,16.188859939575195
6141,16.241073608398438
6142,21.13199234008789
6143,21.04997634887696
6144,20.991086959838867
6145,20.91193199157715
6146,20.847082138061523
6147,20.865917205810547
6148,20.704030990600582
6149,20.699024200439453
6150,20.62392234802246
6151,20.566225051879883
6152,20.492076873779297
6153,20.43890953063965
6154,20.38717269897461
6155,20.30801773071289
6156,20.303964614868164
6157,20.16520500183105
6158,20.151138305664062
6159,20.07484436035156
6160,20.004987716674805
6161,19.95778083801269
6162,19.88506317138672
6163,19.810914993286133
6164,19.7298526763916
6165,19.67096328735352
6166,19.58584785461425
6167,19.53601837158203
6168,19.535064697265625
6169,19.388198852539062
6170,19.40608024597168
6171,19.35386657714844
6172,19.2410945892334
6173,19.176006317138672
6174,19.13094520568848
6175,19.056081771850582
6176,18.985986709594727
6177,18.906116485595703
6178,18.85104179382324
6179,18.76187324523925
6180,18.748998641967773
6181,18.64004135131836
6182,18.61786842346192
6183,18.558979034423828
6184,18.48793029785156
6185,18.421173095703125
6186,18.34392547607422
6187,18.27883720397949
6188,18.285036087036133
6189,18.138885498046875
6190,18.114805221557617
6191,18.074989318847656
6192,17.987966537475586
6193,17.920970916748047
6194,17.82703399658203
6195,17.79007911682129
6196,17.71688461303711
6197,17.642974853515625
6198,17.633914947509766
6199,17.50802993774414
6200,17.51708984375
6201,17.405033111572266
6202,17.362117767333984
6203,17.286062240600586
6204,17.219066619873047
6205,17.129182815551758
6206,17.06218719482422
6207,17.03810691833496
6208,17.01188087463379
6209,16.94512367248535
6210,16.865968704223633
6211,16.740083694458008
6212,16.75105094909668
6213,16.6628360748291
6214,16.59107208251953
6215,16.55101776123047
6216,16.472816467285156
6217,16.37887954711914
6218,16.386032104492188
6219,16.24011993408203
6220,16.2508487701416
6221,21.17180824279785
6222,21.08311653137207
6223,21.006107330322266
6224,20.968914031982425
6225,20.89786529541016
6226,20.848989486694336
6227,20.81894874572754
6228,20.75815200805664
6229,20.67112922668457
6230,20.609140396118164
6231,20.526885986328125
6232,20.49589157104492
6233,20.40886878967285
6234,20.352840423583984
6235,20.30205726623535
6236,20.19596099853516
6237,20.15399932861328
6238,20.058155059814453
6239,20.035982131958008
6240,19.91796493530273
6241,19.92106437683105
6242,19.848108291625977
6243,19.810914993286133
6244,19.73104476928711
6245,19.64807510375977
6246,19.5767879486084
6247,19.56796646118164
6248,19.43898200988769
6249,19.42896842956543
6250,19.40298080444336
6251,19.299983978271484
6252,19.22798156738281
6253,19.170045852661133
6254,19.11187171936035
6255,19.03319358825684
6256,18.97001266479492
6257,18.88513565063477
6258,18.8138484954834
6259,18.76997947692871
6260,18.70298385620117
6261,18.6159610748291
6262,18.57304573059082
6263,18.57995986938477
6264,18.45002174377441
6265,18.448829650878903
6266,18.38994026184082
6267,18.292903900146484
6268,18.21112632751465
6269,18.133878707885746
6270,18.082141876220703
6271,18.078088760375977
6272,17.92597770690918
6273,17.945051193237305
6274,17.852067947387695
6275,17.77482032775879
6276,17.712116241455078
6277,17.676115036010742
6278,17.580032348632812
6279,17.55690574645996
6280,17.467975616455078
6281,17.50802993774414
6282,17.375946044921875
6283,17.327070236206055
6284,17.238140106201172
6285,17.190933227539062
6286,17.093896865844727
6287,17.060041427612305
6288,16.986846923828125
6289,16.901016235351562
6290,16.848087310791016
6291,16.791105270385742
6292,16.746997833251953
6293,16.673803329467773
6294,16.572952270507812
6295,16.498088836669922
6296,16.48402214050293
6297,16.416072845458984
6298,16.384124755859375
6299,16.314983367919922
6300,16.241073608398438
6301,21.13199234008789
6302,21.129131317138672
6303,20.982027053833008
6304,20.7819938659668
6305,20.725011825561523
6306,20.6758975982666
6307,20.62916755676269
6308,20.521879196166992
6309,20.459890365600582
6310,20.38002014160156
6311,20.339012145996094
6312,20.26295661926269
6313,20.25294303894043
6314,20.07389068603516
6315,20.08509635925293
6316,20.03693580627441
6317,19.937992095947266
6318,19.90199089050293
6319,19.809961318969727
6320,19.74320411682129
6321,19.7451114654541
6322,19.62900161743164
6323,19.56391334533692
6324,19.481182098388672
6325,19.48404312133789
6326,19.33622360229492
6327,19.34599876403809
6328,19.258975982666016
6329,19.19388771057129
6330,19.11187171936035
6331,19.062042236328125
6332,18.97501945495605
6333,18.976926803588867
6334,18.85104179382324
6335,18.860816955566406
6336,18.78499984741211
6337,18.72897148132324
6338,18.66292953491211
6339,18.616914749145508
6340,18.624067306518555
6341,18.46504211425781
6342,18.446922302246094
6343,18.36490631103516
6344,18.347978591918945
6345,18.284082412719727
6346,18.193960189819336
6347,18.108129501342773
6348,18.064022064208984
6349,17.96102523803711
6350,17.902135848999023
6351,17.884016036987305
6352,17.781972885131836
6353,17.70305633544922
6354,17.709970474243164
6355,17.657041549682617
6356,17.629146575927734
6357,17.554044723510742
6358,17.47298240661621
6359,17.399072647094727
6360,17.360925674438477
6361,17.28510856628418
6362,17.206907272338867
6363,17.119884490966797
6364,17.063140869140625
6365,16.969919204711914
6366,17.007827758789062
6367,16.865968704223633
6368,16.862154006958008
6369,16.811847686767578
6370,16.716957092285156
6371,16.650915145874023
6372,16.57700538635254
6373,16.481876373291016
6374,16.422033309936523
6375,16.371965408325195
6376,16.367197036743164
6377,16.237974166870117
6378,16.21389389038086
6379,21.11506462097168
6380,21.066904067993164
6381,20.985126495361328
6382,20.93386650085449
6383,20.84803581237793
6384,20.827054977416992
6385,20.71499824523925
6386,20.71404457092285
6387,20.644187927246094
6388,20.58100700378418
6389,20.552873611450195
6390,20.44510841369629
6391,20.435094833374023
6392,20.370960235595703
6393,20.295143127441406
6394,20.22695541381836
6395,20.15209197998047
6396,20.09797096252441
6397,19.999027252197266
6398,19.960880279541016
6399,19.95110511779785
6400,19.82712745666504
6401,19.80185508728028
6402,19.74201202392578
6403,19.678831100463867
6404,19.611835479736328
6405,19.52981948852539
6406,19.49000358581543
6407,19.394874572753903
6408,19.340038299560547
6409,19.32811737060547
6410,19.20795440673828
6411,19.176006317138672
6412,19.12403106689453
6413,19.03891563415528
6414,18.9809799194336
6415,18.91684532165528
6416,18.839120864868164
6417,18.772125244140625
6418,18.70083808898925
6419,18.64290237426757
6420,18.590211868286133
6421,18.53299140930176
6422,18.448829650878903
6423,18.46003532409668
6424,18.283843994140625
6425,18.31793785095215
6426,18.2340145111084
6427,18.162012100219727
6428,18.09310913085937
6429,18.018007278442383
6430,17.954111099243164
6431,17.878055572509766
6432,17.80414581298828
6433,17.743825912475586
6434,17.688989639282227
6435,17.67706871032715
6436,17.53997802734375
6437,17.53997802734375
6438,17.46201515197754
6439,17.40288734436035
6440,17.33994483947754
6441,17.251014709472656
6442,17.179012298583984
6443,17.14301109313965
6444,17.05193519592285
6445,17.060041427612305
6446,16.90196990966797
6447,16.887903213500977
6448,16.833782196044922
6449,16.777992248535156
6450,16.707181930541992
6451,16.64590835571289
6452,16.575098037719727
6453,16.484975814819336
6454,16.425132751464844
6455,16.36481285095215
6456,16.278982162475586
6457,16.215085983276367
6458,21.212100982666016
6459,21.14105224609375
6460,21.08907699584961
6461,21.038055419921875
6462,20.97487449645996
6463,20.91813087463379
6464,20.895957946777344
6465,20.7509994506836
6466,20.72405815124512
6467,20.668983459472656
6468,20.58100700378418
6469,20.50709724426269
6470,20.422935485839844
6471,20.36094665527344
6472,20.38288116455078
6473,20.247936248779297
6474,20.23506164550781
6475,20.154953002929688
6476,20.065784454345703
6477,20.016908645629883
6478,19.9429988861084
6479,19.90199089050293
6480,19.86980438232422
6481,19.77396011352539
6482,19.739866256713867
6483,19.61994171142578
6484,19.61302757263184
6485,19.54507827758789
6486,19.46496963500977
6487,19.382953643798828
6488,19.3479061126709
6489,19.265174865722656
6490,19.25086975097656
6491,19.114971160888672
6492,19.119977951049805
6493,19.050121307373047
6494,19.006967544555664
6495,18.860816955566406
6496,18.85414123535156
6497,18.809795379638672
6498,18.717050552368164
6499,18.646955490112305
6500,18.599987030029297
6501,18.50104331970215
6502,18.48793029785156
6503,18.355846405029297
6504,18.35489273071289
6505,18.27883720397949
6506,18.223047256469727
6507,18.179893493652344
6508,18.136024475097656
6509,18.03517341613769
6510,17.96698570251465
6511,17.87114143371582
6512,17.828941345214844
6513,17.7459716796875
6514,17.73691177368164
6515,17.586946487426758
6516,17.5931453704834
6517,17.524003982543945
6518,17.44389533996582
6519,17.393112182617188
6520,17.328977584838867
6521,17.26984977722168
6522,17.210006713867188
6523,17.129898071289062
6524,17.060041427612305
6525,17.007112503051758
6526,16.999006271362305
6527,16.8459415435791
6528,16.85309410095215
6529,16.770124435424805
6530,16.716957092285156
6531,16.63494110107422
6532,16.54815673828125
6533,16.57581329345703
6534,16.39699935913086
6535,16.408205032348633
6536,16.336917877197266
6537,16.26300811767578
6538,21.20089530944824
6539,21.158933639526367
6540,21.07715606689453
6541,21.032094955444336
6542,20.951032638549805
6543,20.908117294311523
6544,20.814180374145508
6545,20.80988883972168
6546,20.63894271850586
6547,20.67112922668457
6548,20.56598663330078
6549,20.50995826721192
6550,20.44892311096192
6551,20.386934280395508
6552,20.29895782470703
6553,20.23601531982422
6554,20.160913467407227
6555,20.16687393188477
6556,19.99497413635254
6557,20.021915435791016
6558,19.95110511779785
6559,19.876956939697266
6560,19.800901412963867
6561,19.749879837036133
6562,19.721031188964844
6563,19.644975662231445
6564,19.531965255737305
6565,19.48404312133789
6566,19.387006759643555
6567,19.390106201171875
6568,19.2720890045166
6569,19.27709579467773
6570,19.140005111694336
6571,19.134998321533203
6572,19.05083656311035
6573,18.986940383911133
6574,18.918991088867188
6575,18.880844116210938
6576,18.774986267089844
6577,18.74399185180664
6578,18.657922744750977
6579,18.616199493408203
6580,18.60499382019043
6581,18.540143966674805
6582,18.505096435546875
6583,18.393993377685547
6584,18.301963806152344
6585,18.238067626953125
6586,18.21208000183105
6587,18.091917037963867
6588,18.043041229248047
6589,17.98701286315918
6590,17.972230911254883
6591,17.85588264465332
6592,17.853975296020508
6593,17.792940139770508
6594,17.710208892822266
6595,17.654895782470703
6596,17.570972442626953
6597,17.516136169433594
6598,17.428874969482422
6599,17.38905906677246
6600,17.38286018371582
6601,17.243146896362305
6602,17.241954803466797
6603,17.17686653137207
6604,17.102956771850586
6605,17.066001892089844
6606,16.97397232055664
6607,16.911983489990234
6608,16.844987869262695
6609,16.785860061645508
6610,16.692161560058594
6611,16.65496826171875
6612,16.60895347595215
6613,16.483783721923828
6614,16.4949893951416
6615,16.42298698425293
6616,16.331911087036133
6617,16.273021697998047
6618,16.198158264160156
6619,21.1029052734375
6620,21.101951599121094
6621,20.956993103027344
6622,20.97296714782715
6623,20.838022232055664
6624,20.833969116210938
6625,20.760059356689453
6626,20.701885223388672
6627,20.631074905395508
6628,20.557165145874023
6629,20.57790756225586
6630,20.46704292297364
6631,20.4010009765625
6632,20.33090591430664
6633,20.268917083740234
6634,20.19214630126953
6635,20.13397216796875
6636,20.04694938659668
6637,19.993066787719727
6638,19.928932189941406
6639,19.850969314575195
6640,19.81496810913086
6641,19.70720291137696
6642,19.633054733276367
6643,19.639015197753903
6644,19.52600479125977
6645,19.49286460876465
6646,19.40703392028809
6647,19.33908462524414
6648,19.29593086242676
6649,19.21391487121582
6650,19.147157669067383
6651,19.08397674560547
6652,19.0119743347168
6653,18.997907638549805
6654,18.867015838623047
6655,18.867015838623047
6656,18.786191940307617
6657,18.69511604309082
6658,18.66912841796875
6659,18.599987030029297
6660,18.53609085083008
6661,18.476009368896484
6662,18.46003532409668
6663,18.413066864013672
6664,18.402099609375
6665,18.260955810546875
6666,18.166065216064453
6667,18.125057220458984
6668,17.997026443481445
6669,17.982959747314453
6670,17.917156219482422
6671,17.8680419921875
6672,17.772912979125977
6673,17.722129821777344
6674,17.639875411987305
6675,17.57502555847168
6676,17.493009567260742
6677,17.465829849243164
6678,17.3490047454834
6679,17.37189292907715
6680,17.26698875427246
6681,17.25006103515625
6682,17.18902587890625
6683,17.091989517211914
6684,17.004013061523438
6685,16.939878463745117
6686,16.872882843017578
6687,16.798019409179688
6688,16.737937927246094
6689,16.679048538208008
6690,16.60609245300293
6691,16.587018966674805
6692,16.45803451538086
6693,16.48116111755371
6694,16.30687713623047
6695,16.34502410888672
6696,16.24298095703125
6697,21.1789608001709
6698,21.12603187561035
6699,21.02303504943848
6700,21.01302146911621
6701,20.93291282653809
6702,20.86520195007324
6703,20.830869674682617
6704,20.75982093811035
6705,20.699024200439453
6706,20.663976669311523
6707,20.566940307617188
6708,20.488977432250977
6709,20.40696144104004
6710,20.40386199951172
6711,20.28107643127441
6712,20.26200294494629
6713,20.200014114379883
6714,20.128965377807617
6715,20.06697654724121
6716,19.993066787719727
6717,19.917011260986328
6718,19.850969314575195
6719,19.76895332336425
6720,19.767045974731445
6721,19.67191696166992
6722,19.67597007751465
6723,19.5920467376709
6724,19.53697204589844
6725,19.45710182189941
6726,19.38796043395996
6727,19.325971603393555
6728,19.265174865722656
6729,19.2110538482666
6730,19.160032272338867
6731,19.063949584960938
6732,19.06704902648925
6733,18.952131271362305
6734,18.926143646240234
6735,18.85199546813965
6736,18.777847290039062
6737,18.743038177490234
6738,18.7070369720459
6739,18.63694190979004
6740,18.55015754699707
6741,18.491029739379883
6742,18.42498779296875
6743,18.351078033447266
6744,18.3401107788086
6745,18.189191818237305
6746,18.18490028381348
6747,18.10598373413086
6748,18.04208755493164
6749,17.96722412109375
6750,17.899036407470703
6751,17.849206924438477
6752,17.788171768188477
6753,17.709970474243164
6754,17.644882202148438
6755,17.5778865814209
6756,17.579078674316406
6757,17.454147338867188
6758,17.36903190612793
6759,17.297029495239258
6760,17.277956008911133
6761,17.195940017700195
6762,17.1661376953125
6763,17.121076583862305
6764,17.05002784729004
6765,16.97707176208496
6766,16.862869262695312
6767,16.819000244140625
6768,16.743898391723633
6769,16.677141189575195
6770,16.681909561157227
6771,16.581058502197266
6772,16.49618148803711
6773,16.457080841064453
6774,16.40796661376953
6775,16.315221786499023
6776,16.236066818237305
6777,21.13795280456543
6778,21.08407020568848
6779,21.07095718383789
6780,20.93195915222168
6781,20.94292640686035
6782,20.853042602539062
6783,20.78390121459961
6784,20.725011825561523
6785,20.62296867370605
6786,20.554065704345703
6787,20.50018310546875
6788,20.42102813720703
6789,20.42388916015625
6790,20.273923873901367
6791,20.251989364624023
6792,20.184993743896484
6793,20.14422416687012
6794,20.030975341796875
6795,20.01309394836425
6796,19.94609832763672
6797,19.871950149536133
6798,19.789934158325195
6799,19.71697807312012
6800,19.656896591186523
6801,19.657135009765625
6802,19.51003074645996
6803,19.49596405029297
6804,19.43492889404297
6805,19.37079429626465
6806,19.304990768432617
6807,19.22893524169922
6808,19.18506622314453
6809,19.10686492919922
6810,19.04010772705078
6811,18.976926803588867
6812,18.909215927124023
6813,18.88585090637207
6814,18.74995231628418
6815,18.66388320922852
6816,18.625974655151367
6817,18.51511001586914
6818,18.476009368896484
6819,18.46504211425781
6820,18.32103729248047
6821,18.3100700378418
6822,18.24879646301269
6823,18.16701889038086
6824,18.08786392211914
6825,18.01919937133789
6826,17.945051193237305
6827,17.899036407470703
6828,17.818927764892578
6829,17.838001251220703
6830,17.72022247314453
6831,17.631053924560547
6832,17.57192611694336
6833,17.58289337158203
6834,17.43006706237793
6835,17.4410343170166
6836,17.35401153564453
6837,17.27581024169922
6838,17.2271728515625
6839,17.153024673461914
6840,17.068862915039062
6841,16.99090003967285
6842,16.921043395996094
6843,16.949892044067383
6844,16.881942749023438
6845,16.794919967651367
6846,16.73722267150879
6847,16.693115234375
6848,16.61205291748047
6849,16.55101776123047
6850,16.46590232849121
6851,16.41392707824707
6852,16.322851181030273
6853,16.247987747192383
6854,21.167993545532227
6855,21.16608619689941
6856,21.03400230407715
6857,21.029949188232425
6858,20.93791961669922
6859,20.8590030670166
6860,20.802021026611328
6861,20.74003219604492
6862,20.704984664916992
6863,20.32303810119629
6864,20.31397819519043
6865,20.25604248046875
6866,20.153045654296875
6867,20.086050033569336
6868,20.025014877319336
6869,19.969940185546875
6870,19.94800567626953
6871,19.8049545288086
6872,19.819021224975582
6873,19.663095474243164
6874,19.67191696166992
6875,19.629955291748047
6876,19.58203315734864
6877,19.52600479125977
6878,19.423961639404297
6879,19.36197280883789
6880,19.282102584838867
6881,19.19698715209961
6882,19.11616325378418
6883,19.047975540161133
6884,19.03700828552246
6885,18.918991088867188
6886,18.902063369750977
6887,18.84007453918457
6888,18.745899200439453
6889,18.67294311523437
6890,18.64194869995117
6891,18.573999404907227
6892,18.496990203857425
6893,18.433094024658203
6894,18.417835235595703
6895,18.27216148376465
6896,18.255949020385746
6897,18.196821212768555
6898,18.117904663085938
6899,18.051862716674805
6900,17.98105239868164
6901,17.913103103637695
6902,17.89093017578125
6903,17.805099487304688
6904,17.721176147460938
6905,17.667055130004883
6906,17.673969268798828
6907,17.521142959594727
6908,17.5321102142334
6909,17.4560546875
6910,17.383098602294922
6911,17.33994483947754
6912,17.251014709472656
6913,17.18592643737793
6914,17.108917236328125
6915,17.03786849975586
6916,17.039060592651367
6917,16.9680118560791
6918,16.9219970703125
6919,16.853809356689453
6920,16.793012619018555
6921,16.72506332397461
6922,16.64900779724121
6923,16.580820083618164
6924,16.502857208251953
6925,16.427993774414062
6926,16.367197036743164
6927,16.29495620727539
6928,16.224145889282227
6929,21.183013916015625
6930,21.11291885375977
6931,21.05903625488281
6932,21.01683616638184
6933,20.93791961669922
6934,20.88189125061035
6935,20.852088928222656
6936,20.77913284301757
6937,20.751953125
6938,20.57814598083496
6939,20.58696746826172
6940,20.510196685791016
6941,20.44606208801269
6942,20.35999298095703
6943,20.25604248046875
6944,20.21002769470215
6945,20.11990547180176
6946,20.07699012756348
6947,19.97590065002441
6948,19.92106437683105
6949,19.92416381835937
6950,19.79207992553711
6951,19.76895332336425
6952,19.706010818481445
6953,19.64712142944336
6954,19.55389976501465
6955,19.504070281982425
6956,19.42610740661621
6957,19.3171501159668
6958,19.28091049194336
6959,19.25516128540039
6960,19.145965576171875
6961,19.18196678161621
6962,18.996000289916992
6963,19.0279483795166
6964,18.96500587463379
6965,18.873929977416992
6966,18.799781799316406
6967,18.7530517578125
6968,18.67604255676269
6969,18.616914749145508
6970,18.54109764099121
6971,18.46909523010254
6972,18.40806007385254
6973,18.390893936157227
6974,18.23282241821289
6975,18.27096939086914
6976,18.140077590942383
6977,18.139123916625977
6978,18.06497573852539
6979,18.010854721069336
6980,17.937183380126953
6981,17.843961715698242
6982,17.77195930480957
6983,17.694950103759766
6984,17.621994018554688
6985,17.62700080871582
6986,17.489910125732422
6987,17.488956451416016
6988,17.409086227416992
6989,17.348051071166992
6990,17.271995544433594
6991,17.248868942260742
6992,17.13705062866211
6993,17.081022262573242
6994,17.030954360961914
6995,16.94512367248535
6996,16.895055770874023
6997,16.900062561035156
6998,16.752004623413086
6999,16.73412322998047
7000,16.654014587402344
7001,16.6018009185791
7002,16.5250301361084
7003,16.441822052001953
7004,16.411781311035156
7005,16.304969787597656
7006,16.31784439086914
7007,16.209125518798828
7008,21.17586135864257
7009,21.101951599121094
7010,21.0111141204834
7011,20.954132080078125
7012,20.93100547790528
7013,20.811080932617188
7014,20.80297470092773
7015,20.7369327545166
7016,20.676851272583008
7017,20.591020584106445
7018,20.54309844970703
7019,20.47896385192871
7020,20.39813995361328
7021,20.32184600830078
7022,20.25699615478516
7023,20.1871395111084
7024,20.11585235595703
7025,20.064830780029297
7026,19.99497413635254
7027,19.942045211791992
7028,19.93083953857422
7029,19.78302001953125
7030,19.778966903686523
7031,19.70911026000977
7032,19.6378231048584
7033,19.55509185791016
7034,19.511938095092773
7035,19.35720443725586
7036,19.31190490722656
7037,19.28877830505371
7038,19.15788650512696
7039,19.147157669067383
7040,19.093036651611328
7041,19.012928009033203
7042,18.96977424621582
7043,18.893957138061523
7044,18.806934356689453
7045,18.76401901245117
7046,18.69821548461914
7047,18.61405372619629
7048,18.562793731689453
7049,18.474102020263672
7050,18.4171199798584
7051,18.40806007385254
7052,18.33701133728028
7053,18.296003341674805
7054,18.21494102478028
7055,18.141984939575195
7056,18.08404922485352
7057,17.98391342163086
7058,17.956972122192383
7059,17.93193817138672
7060,17.8830623626709
7061,17.719030380249023
7062,17.761945724487305
7063,17.58718490600586
7064,17.58599281311035
7065,17.533063888549805
7066,17.436981201171875
7067,17.35997200012207
7068,17.31705665588379
7069,17.240047454833984
7070,17.188072204589844
7071,17.101049423217773
7072,17.03500747680664
7073,16.965866088867188
7074,16.93892478942871
7075,16.82114601135254
7076,16.80898666381836
7077,16.75701141357422
7078,16.7238712310791
7079,16.618967056274414
7080,16.57414436340332
7081,16.48402214050293
7082,16.434907913208008
7083,16.37101173400879
7084,16.282081604003906
7085,16.21103286743164
7086,16.225099563598633
7087,21.136999130249023
7088,21.038055419921875
7089,20.974159240722656
7090,20.90096473693848
7091,20.841121673583984
7092,20.77198028564453
7093,20.70307731628418
7094,20.72286605834961
7095,20.53713798522949
7096,20.5538272857666
7097,20.483970642089844
7098,20.42698860168457
7099,20.44010162353516
7100,20.29204368591309
7101,20.313024520874023
7102,20.16615867614746
7103,20.16592025756836
7104,20.095109939575195
7105,20.017147064208984
7106,19.93107795715332
7107,19.87886428833008
7108,19.800901412963867
7109,19.73915100097656
7110,19.691944122314453
7111,19.627094268798828
7112,19.55294609069824
7113,19.56105232238769
7114,19.422054290771484
7115,19.401073455810547
7116,19.340038299560547
7117,19.29306983947754
7118,19.203901290893555
7119,19.13905143737793
7120,19.07014846801757
7121,19.0119743347168
7122,18.922090530395508
7123,18.8899040222168
7124,18.805980682373047
7125,18.787145614624023
7126,18.66388320922852
7127,18.64790916442871
7128,18.589019775390625
7129,18.512964248657227
7130,18.4328556060791
7131,18.376827239990234
7132,18.31316947937012
7133,18.24498176574707
7134,18.171072006225582
7135,18.165111541748047
7136,18.02706718444824
7137,18.0208683013916
7138,17.952919006347656
7139,17.89093017578125
7140,17.806053161621094
7141,17.72904396057129
7142,17.648935317993164
7143,17.65298843383789
7144,17.513036727905273
7145,17.501115798950195
7146,17.452001571655273
7147,17.354965209960938
7148,17.279863357543945
7149,17.215967178344727
7150,17.143964767456055
7151,17.08507537841797
7152,17.01211929321289
7153,16.98899269104004
7154,16.854047775268555
7155,16.84403419494629
7156,16.790151596069336
7157,16.72196388244629
7158,16.65496826171875
7159,16.59703254699707
7160,16.52693748474121
7161,16.464948654174805
7162,16.41988754272461
7163,16.33310317993164
7164,16.267061233520508
7165,16.25800132751465
7166,21.160125732421875
7167,21.09694480895996
7168,21.02518081665039
7169,20.941972732543945
7170,20.9500789642334
7171,20.807981491088867
7172,20.79296112060547
7173,20.734071731567383
7174,20.66802978515625
7175,20.576000213623047
7176,20.518064498901367
7177,20.45607566833496
7178,20.399093627929688
7179,20.34497261047364
7180,20.35093307495117
7181,20.19906044006348
7182,20.20883560180664
7183,20.13587951660156
7184,20.041942596435547
7185,19.978046417236328
7186,19.906997680664062
7187,19.82998847961425
7188,19.76299285888672
7189,19.68598365783692
7190,19.6380615234375
7191,19.58894729614257
7192,19.57392692565918
7193,19.450902938842773
7194,19.46306228637696
7195,19.3939208984375
7196,19.325971603393555
7197,19.24991607666016
7198,19.181013107299805
7199,19.125938415527344
7200,19.023895263671875
7201,18.97788047790528
7202,18.97811889648437
7203,18.81718635559082
7204,18.811941146850582
7205,18.7530517578125
7206,18.71299743652344
7207,18.631935119628903
7208,18.568038940429688
7209,18.477916717529297
7210,18.44000816345215
7211,18.33987236022949
7212,18.275022506713867
7213,18.21303367614746
7214,18.204927444458008
7215,18.049001693725582
7216,18.075942993164062
7217,17.98081398010254
7218,17.93694496154785
7219,17.854928970336914
7220,17.81916618347168
7221,17.737865447998047
7222,17.668962478637695
7223,17.60697364807129
7224,17.524003982543945
7225,17.45915412902832
7226,17.46201515197754
7227,17.318010330200195
7228,17.308950424194336
7229,17.24410057067871
7230,17.171859741210938
7231,17.102956771850586
7232,17.036914825439453
7233,16.96300506591797
7234,16.96491241455078
7235,16.83187484741211
7236,16.830921173095703
7237,16.75701141357422
7238,16.685009002685547
7239,16.623973846435547
7240,16.5560245513916
7241,16.471147537231445
7242,16.413211822509766
7243,16.422033309936523
7244,16.340017318725586
7245,16.26110076904297
7246,16.194820404052734
7247,21.11411094665528
7248,21.036148071289062
7249,21.040916442871094
7250,20.89095115661621
7251,20.901918411254883
7252,20.83992958068848
7253,20.756006240844727
7254,20.67399024963379
7255,20.62201499938965
7256,20.55597305297852
7257,20.550966262817383
7258,20.41196823120117
7259,20.55597305297852
7260,20.37906646728516
7261,20.338058471679688
7262,20.16210556030273
7263,20.147085189819336
7264,20.093917846679688
7265,20.014047622680664
7266,19.93393898010254
7267,19.85502243041992
7268,19.783973693847656
7269,19.789934158325195
7270,19.65594291687012
7271,19.67191696166992
7272,19.59013938903809
7273,19.53697204589844
7274,19.47212219238281
7275,19.400835037231445
7276,19.336938858032227
7277,19.26589012145996
7278,19.227027893066406
7279,19.184112548828125
7280,19.09184455871582
7281,19.09708976745605
7282,18.939971923828125
7283,18.96500587463379
7284,18.812894821166992
7285,18.85104179382324
7286,18.75615119934082
7287,18.66888999938965
7288,18.594980239868164
7289,18.54395866394043
7290,18.458127975463867
7291,18.3870792388916
7292,18.393993377685547
7293,18.323898315429688
7294,18.23592185974121
7295,18.16010475158692
7296,18.117904663085938
7297,18.06306838989257
7298,17.987966537475586
7299,17.930030822753906
7300,17.873048782348633
7301,17.763137817382812
7302,17.78101921081543
7303,17.632007598876953
7304,17.637968063354492
7305,17.564058303833008
7306,17.505884170532227
7307,17.454862594604492
7308,17.35997200012207
7309,17.29416847229004
7310,17.223834991455078
7311,17.151832580566406
7312,17.07601547241211
7313,17.009973526000977
7314,17.004013061523438
7315,16.863107681274414
7316,16.855955123901367
7317,16.788959503173828
7318,16.73603057861328
7319,16.66402816772461
7320,16.61396026611328
7321,16.510009765625
7322,16.450881958007812
7323,16.366004943847656
7324,16.303062438964844
7325,16.249895095825195
7326,16.211986541748047
7327,21.10600471496582
7328,21.11506462097168
7329,20.949840545654297
7330,20.963191986083984
7331,20.89691162109375
7332,20.85399627685547
7333,20.77889442443848
7334,20.713090896606445
7335,20.63608169555664
7336,20.60413360595703
7337,20.521879196166992
7338,20.492076873779297
7339,20.4010009765625
7340,20.35403251647949
7341,20.28489112854004
7342,20.22409439086914
7343,20.14899253845215
7344,20.06697654724121
7345,19.993066787719727
7346,19.937992095947266
7347,19.92487907409668
7348,19.789934158325195
7349,19.804000854492188
7350,19.66404914855957
7351,19.654035568237305
7352,19.59991455078125
7353,19.51289176940918
7354,19.44899559020996
7355,19.37794685363769
7356,19.302845001220703
7357,19.210100173950195
7358,19.14691925048828
7359,19.16098594665528
7360,19.00506019592285
7361,19.00005340576172
7362,18.960952758789062
7363,18.89204978942871
7364,18.83697509765625
7365,18.74399185180664
7366,18.683910369873047
7367,18.62788200378418
7368,18.546104431152344
7369,18.49198341369629
7370,18.4171199798584
7371,18.40806007385254
7372,18.280029296875
7373,18.26691627502441
7374,18.175840377807617
7375,18.125057220458984
7376,18.046140670776367
7377,17.972946166992188
7378,17.910003662109375
7379,17.847061157226562
7380,17.78697967529297
7381,17.718076705932617
7382,17.640113830566406
7383,17.663002014160156
7384,17.55690574645996
7385,17.517805099487305
7386,17.470121383666992
7387,17.378807067871094
7388,17.335891723632812
7389,17.264127731323242
7390,17.204999923706055
7391,17.13109016418457
7392,17.07005500793457
7393,16.988039016723633
7394,16.921043395996094
7395,16.9069766998291
7396,16.787052154541016
7397,16.772031784057617
7398,16.704082489013672
7399,16.655921936035156
7400,16.58487319946289
7401,16.51787757873535
7402,16.446828842163086
7403,16.376018524169922
7404,16.299009323120117
7405,16.2198543548584
7406,21.20208740234375
7407,21.13485336303711
7408,21.08192443847656
7409,20.99490165710449
7410,20.92504501342773
7411,20.85280418395996
7412,20.849943161010746
7413,20.707130432128903
7414,20.69091796875
7415,20.62606811523437
7416,20.56407928466797
7417,20.51091194152832
7418,20.425796508789062
7419,20.361900329589844
7420,20.29299736022949
7421,20.22099494934082
7422,20.23911476135254
7423,20.112037658691406
7424,20.05600929260254
7425,19.963979721069336
7426,19.98305320739746
7427,19.852876663208008
7428,19.819974899291992
7429,19.749879837036133
7430,19.697904586791992
7431,19.6218490600586
7432,19.55604553222656
7433,19.489049911499023
7434,19.40703392028809
7435,19.331932067871094
7436,19.331932067871094
7437,19.22202110290528
7438,19.20294761657715
7439,19.13094520568848
7440,19.080162048339844
7441,18.991947174072266
7442,18.93305778503418
7443,18.873214721679688
7444,18.82481575012207
7445,18.73111724853516
7446,18.679141998291016
7447,18.590211868286133
7448,18.512964248657227
7449,18.45121383666992
7450,18.436908721923828
7451,18.362998962402344
7452,18.33510398864746
7453,18.23902130126953
7454,18.158912658691406
7455,18.105030059814453
7456,18.02301406860352
7457,17.961978912353516
7458,17.887115478515625
7459,17.848968505859375
7460,17.87590980529785
7461,17.727136611938477
7462,17.6999568939209
7463,17.6241397857666
7464,17.56000518798828
7465,17.496109008789062
7466,17.436981201171875
7467,17.368078231811523
7468,17.287015914916992
7469,17.230987548828125
7470,17.142057418823242
7471,17.071962356567383
7472,17.00305938720703
7473,16.963958740234375
7474,16.923189163208008
7475,16.794919967651367
7476,16.78299903869629
7477,16.71600341796875
7478,16.65806770324707
7479,16.570091247558594
7480,16.518831253051758
7481,16.520977020263672
7482,16.427993774414062
7483,16.386032104492188
7484,16.252994537353516
7485,21.23403549194336
7486,21.14701271057129
7487,21.11101150512696
7488,21.012067794799805
7489,20.923852920532227
7490,20.872116088867188
7491,20.86114883422852
7492,20.70903778076172
7493,20.69997787475586
7494,20.63298225402832
7495,20.59507369995117
7496,20.52783966064453
7497,20.44510841369629
7498,20.400047302246094
7499,20.32303810119629
7500,20.291805267333984
7501,20.203113555908203
7502,20.12300491333008
7503,20.06697654724121
7504,19.97995376586914
7505,19.978046417236328
7506,19.83499526977539
7507,19.834041595458984
7508,19.756078720092773
7509,19.68097686767578
7510,19.61088180541992
7511,19.56796646118164
7512,19.491195678710938
7513,19.42896842956543
7514,19.35100555419922
7515,19.28186416625977
7516,19.201993942260746
7517,19.20795440673828
7518,19.06704902648925
7519,19.06991004943848
7520,18.97311210632324
7521,18.92399787902832
7522,18.84698867797852
7523,18.78499984741211
7524,18.70417594909668
7525,18.64409446716309
7526,18.57995986938477
7527,18.505096435546875
7528,18.44501495361328
7529,18.436908721923828
7530,18.38898658752441
7531,18.33891868591309
7532,18.244028091430664
7533,18.1879997253418
7534,18.198013305664062
7535,18.064022064208984
7536,18.03207397460937
7537,18.00394058227539
7538,17.885923385620117
7539,17.842769622802734
7540,17.75503158569336
7541,17.71688461303711
7542,17.6389217376709
7543,17.562150955200195
7544,17.496824264526367
7545,17.42386817932129
7546,17.394065856933594
7547,17.282962799072266
7548,17.270803451538086
7549,17.144203186035156
7550,17.138957977294922
7551,17.068862915039062
7552,17.004013061523438
7553,16.93105697631836
7554,16.8609619140625
7555,16.79205894470215
7556,16.72816276550293
7557,16.650915145874023
7558,16.642093658447266
7559,16.499996185302734
7560,16.505956649780273
7561,16.43085479736328
7562,16.401052474975586
7563,16.295909881591797
7564,16.26276969909668
7565,21.16894721984864
7566,21.11291885375977
7567,21.02804183959961
7568,20.962953567504883
7569,20.884990692138672
7570,20.893096923828125
7571,20.7509994506836
7572,20.73812484741211
7573,20.672082901000977
7574,20.60103416442871
7575,20.520925521850582
7576,20.45893669128418
7577,20.389080047607425
7578,20.30491828918457
7579,20.30801773071289
7580,20.255088806152344
7581,20.153045654296875
7582,20.115137100219727
7583,20.05314826965332
7584,19.989967346191406
7585,19.913911819458008
7586,19.871950149536133
7587,19.782066345214844
7588,19.71006393432617
7589,19.720792770385746
7590,19.610166549682617
7591,19.634008407592773
7592,19.54793930053711
7593,19.50216293334961
7594,19.41704750061035
7595,19.34599876403809
7596,19.28591728210449
7597,19.217967987060547
7598,19.14501190185547
7599,19.08087730407715
7600,18.9969539642334
7601,19.00911331176757
7602,18.85294914245605
7603,18.863916397094727
7604,18.78499984741211
7605,18.707990646362305
7606,18.665075302124023
7607,18.58711242675781
7608,18.537044525146484
7609,18.45693588256836
7610,18.372058868408203
7611,18.30697059631348
7612,18.27096939086914
7613,18.192052841186523
7614,18.11981201171875
7615,18.110990524291992
7616,17.971038818359375
7617,17.98105239868164
7618,17.89116859436035
7619,17.858028411865234
7620,17.78388023376465
7621,17.6999568939209
7622,17.625093460083008
7623,17.58599281311035
7624,17.49706268310547
7625,17.40884780883789
7626,17.358064651489258
7627,17.306804656982422
7628,17.24386215209961
7629,17.235994338989258
7630,17.080068588256836
7631,17.06409454345703
7632,17.00901985168457
7633,16.92485809326172
7634,16.88098907470703
7635,16.7849063873291
7636,16.7539119720459
7637,16.666173934936523
7638,16.591787338256836
7639,16.527891159057617
7640,16.489028930664062
7641,16.453981399536133
7642,16.31617546081543
7643,16.308069229125977
7644,16.254901885986328
7645,21.165132522583008
7646,21.16990089416504
7647,21.037817001342773
7648,21.030902862548828
7649,20.93696594238281
7650,20.90096473693848
7651,20.825862884521484
7652,20.756959915161133
7653,20.670175552368164
7654,20.633935928344727
7655,20.53689956665039
7656,20.48182487487793
7657,20.39790153503418
7658,20.394086837768555
7659,20.261049270629883
7660,20.26987075805664
7661,20.20192146301269
7662,21.255970001220703
7663,20.14780044555664
7664,20.07889747619629
7665,19.974946975708008
7666,19.93012428283692
7667,19.81496810913086
7668,19.758939743041992
7669,19.689083099365234
7670,19.6840763092041
7671,19.52695846557617
7672,19.53911781311035
7673,19.46282386779785
7674,19.427061080932617
7675,19.33813095092773
7676,19.270896911621094
7677,19.18196678161621
7678,19.140005111694336
7679,19.04916763305664
7680,18.993139266967773
7681,18.912792205810547
7682,18.991947174072266
7683,18.79405975341797
7684,18.803834915161133
7685,18.70393753051757
7686,18.65696907043457
7687,18.577098846435547
7688,18.51201057434082
7689,18.444061279296875
7690,18.413066864013672
7691,18.296003341674805
7692,18.263816833496094
7693,18.156051635742188
7694,18.156051635742188
7695,18.012046813964844
7696,17.999887466430664
7697,17.925024032592773
7698,17.87090301513672
7699,17.81606674194336
7700,17.7609920501709
7701,17.650127410888672
7702,17.688989639282227
7703,17.532825469970703
7704,17.550945281982422
7705,17.380952835083008
7706,17.40288734436035
7707,17.314910888671875
7708,17.287015914916992
7709,17.124176025390625
7710,17.121076583862305
7711,17.066001892089844
7712,16.967058181762695
7713,16.923904418945312
7714,16.84403419494629
7715,16.778945922851562
7716,16.726016998291016
7717,16.63494110107422
7718,16.60299301147461
7719,16.53003692626953
7720,16.536951065063477
7721,16.423940658569336
7722,16.37411117553711
7723,16.288042068481445
7724,16.230106353759766
7725,21.20590209960937
7726,21.05093002319336
7727,21.04401588439941
7728,20.971059799194336
7729,20.89691162109375
7730,20.859956741333008
7731,20.78390121459961
7732,20.74503898620605
7733,20.700931549072266
7734,20.609140396118164
7735,20.53999900817871
7736,20.49088478088379
7737,20.47991752624512
7738,20.33519744873047
7739,20.3249454498291
7740,20.205974578857425
7741,20.184993743896484
7742,20.124197006225582
7743,20.030975341796875
7744,19.96016502380371
7745,19.89912986755371
7746,19.84095573425293
7747,19.83284950256348
7748,19.695043563842773
7749,19.83308792114257
7750,19.700050354003903
7751,19.559144973754883
7752,19.482851028442383
7753,19.450902938842773
7754,19.37389373779297
7755,19.334077835083008
7756,19.23990249633789
7757,19.19102668762207
7758,19.118070602416992
7759,19.098997116088867
7760,18.98789405822754
7761,18.952131271362305
7762,18.870115280151367
7763,18.82290840148925
7764,18.77307891845703
7765,18.726825714111328
7766,18.626928329467773
7767,18.565893173217773
7768,18.491029739379883
7769,18.49508285522461
7770,18.383026123046875
7771,18.30291748046875
7772,18.30291748046875
7773,18.20516586303711
7774,18.15676689147949
7775,18.06902885437012
7776,18.01609992980957
7777,17.949819564819336
7778,17.940998077392578
7779,17.791032791137695
7780,17.75383949279785
7781,17.673015594482422
7782,17.69709587097168
7783,17.564773559570312
7784,17.54307746887207
7785,17.483949661254883
7786,17.416000366210938
7787,17.353057861328125
7788,17.261981964111328
7789,17.19498634338379
7790,17.200946807861328
7791,17.10200309753418
7792,17.090797424316406
7793,17.022132873535156
7794,16.939163208007812
7795,16.877174377441406
7796,16.813039779663086
7797,16.750097274780273
7798,16.655921936035156
7799,16.58487319946289
7800,16.568899154663086
7801,16.47210121154785
7802,16.473054885864258
7803,16.331911087036133
7804,16.318082809448242
7805,16.251087188720703
7806,21.193981170654297
7807,21.14200592041016
7808,21.043062210083008
7809,20.97797393798828
7810,20.895957946777344
7811,20.83897590637207
7812,20.76101303100586
7813,20.73907852172852
7814,20.62606811523437
7815,20.59412002563477
7816,20.572900772094727
7817,20.509004592895508
7818,20.420074462890625
7819,20.370006561279297
7820,20.29013633728028
7821,20.28989791870117
7822,20.149946212768555
7823,20.181894302368164
7824,20.07603645324707
7825,20.01309394836425
7826,19.9429988861084
7827,19.87910270690918
7828,19.80805397033692
7829,19.76513862609864
7830,19.668102264404297
7831,19.61207389831543
7832,19.55389976501465
7833,19.474029541015625
7834,19.39892768859864
7835,19.33598518371582
7836,19.25802230834961
7837,19.26898956298828
7838,19.201040267944336
7839,19.15884017944336
7840,19.06418800354004
7841,18.98407936096192
7842,18.9211368560791
7843,18.82290840148925
7844,18.79405975341797
7845,18.79811286926269
7846,18.64004135131836
7847,18.64194869995117
7848,18.57495307922364
7849,18.512964248657227
7850,18.407106399536133
7851,18.36085319519043
7852,18.314838409423828
7853,18.2180404663086
7854,18.1570053100586
7855,18.106937408447266
7856,17.969846725463867
7857,17.93694496154785
7858,17.860889434814453
7859,17.900943756103516
7860,17.76289939880371
7861,17.78411865234375
7862,17.771005630493164
7863,17.698049545288086
7864,17.58098602294922
7865,17.528057098388672
7866,17.44699478149414
7867,17.36617088317871
7868,17.279863357543945
7869,17.27914810180664
7870,17.14801788330078
7871,17.140865325927734
7872,17.019033432006836
7873,16.99686050415039
7874,16.94512367248535
7875,16.861915588378906
7876,16.8001651763916
7877,16.74509048461914
7878,16.650915145874023
7879,16.59703254699707
7880,16.55888557434082
7881,16.485929489135742
7882,16.40486717224121
7883,16.41392707824707
7884,16.309022903442383
7885,16.309022903442383
7886,21.17705345153809
7887,21.09813690185547
7888,21.094083786010746
7889,20.95198631286621
7890,20.956993103027344
7891,20.86710929870605
7892,20.80297470092773
7893,20.74790000915528
7894,20.667076110839844
7895,20.62392234802246
7896,20.56598663330078
7897,20.47395706176757
7898,20.413875579833984
7899,20.37787437438965
7900,20.29991149902344
7901,20.215988159179688
7902,20.215988159179688
7903,20.07603645324707
7904,20.07412910461425
7905,19.989967346191406
7906,19.943952560424805
7907,19.84405517578125
7908,19.791126251220703
7909,19.73915100097656
7910,19.658803939819336
7911,19.567012786865234
7912,19.515037536621094
7913,19.440174102783203
7914,19.4089412689209
7915,19.3331241607666
7916,19.34194564819336
7917,19.18506622314453
7918,19.18911933898925
7919,19.140958786010746
7920,19.04892921447754
7921,18.97501945495605
7922,18.91398429870605
7923,18.848896026611328
7924,18.78190040588379
7925,18.70203018188477
7926,18.6460018157959
7927,18.58091354370117
7928,18.58711242675781
7929,18.436908721923828
7930,18.45002174377441
7931,18.39518547058105
7932,18.30601692199707
7933,18.24307441711425
7934,18.14794540405273
7935,18.09287071228028
7936,18.03207397460937
7937,17.954111099243164
7938,17.953157424926758
7939,17.806053161621094
7940,17.81296730041504
7941,17.724990844726562
7942,17.657995223999023
7943,17.5778865814209
7944,17.5168514251709
7945,17.447948455810547
7946,17.384052276611328
7947,17.305850982666016
7948,17.24410057067871
7949,17.17209815979004
7950,17.16303825378418
7951,17.016172409057617
7952,17.010927200317383
7953,16.945838928222656
7954,16.875028610229492
7955,16.816139221191406
7956,16.740083694458008
7957,16.688823699951172
7958,16.607046127319336
7959,16.546010971069336
7960,16.485929489135742
7961,16.480207443237305
7962,16.38197898864746
7963,16.316890716552734
7964,16.2351131439209
7965,16.185998916625977
7966,21.118879318237305
7967,21.09813690185547
7968,20.95484733581543
7969,20.93791961669922
7970,20.878076553344727
7971,20.792007446289062
7972,20.730972290039062
7973,20.652055740356445
7974,20.615100860595703
7975,20.03979682922364
7976,20.554065704345703
7977,20.47395706176757
7978,20.38788795471192
7979,20.35188674926757
7980,20.31707763671875
7981,20.18094062805176
7982,20.1711654663086
7983,20.14303207397461
7984,20.03192901611328
7985,19.94490623474121
7986,19.89412307739257
7987,19.8359489440918
7988,19.76609230041504
7989,19.71006393432617
7990,19.64306831359864
7991,19.58203315734864
7992,19.565820693969727
7993,19.43397521972656
7994,19.42110061645508
7995,19.35410499572754
7996,19.29903030395508
7997,19.25921440124512
7998,19.171953201293945
7999,19.086837768554688
8000,19.07205581665039
8001,18.928050994873047
8002,18.9211368560791
8003,18.85604858398437
8004,18.77593994140625
8005,18.71299743652344
8006,18.64004135131836
8007,18.616914749145508
8008,18.510103225708008
8009,18.516063690185547
8010,18.397092819213867
8011,18.39900016784668
8012,18.30387115478516
8013,18.22805404663086
8014,18.16105842590332
8015,18.09096336364746
8016,18.02992820739746
8017,18.02897453308105
8018,17.876148223876953
8019,17.871856689453125
8020,17.78888702392578
8021,17.73691177368164
8022,17.639875411987305
8023,17.59195327758789
8024,17.512083053588867
8025,17.441987991333008
8026,17.380952835083008
8027,17.372846603393555
8028,17.228126525878906
8029,17.23480224609375
8030,17.15397834777832
8031,17.0900821685791
8032,17.016887664794922
8033,16.96014404296875
8034,16.883134841918945
8035,16.80898666381836
8036,16.746997833251953
8037,16.67618751525879
8038,16.605138778686523
8039,16.607046127319336
8040,16.448020935058594
8041,16.459941864013672
8042,16.381025314331055
8043,16.310930252075195
8044,16.24608039855957
8045,16.199111938476562
8046,21.09503746032715
8047,21.071910858154297
8048,21.004199981689453
8049,20.940065383911133
8050,20.86997032165528
8051,20.77603340148925
8052,20.74408531188965
8053,20.66802978515625
8054,20.59292793273925
8055,20.519018173217773
8056,20.43914794921875
8057,20.37906646728516
8058,20.38002014160156
8059,20.31397819519043
8060,20.25985717773437
8061,20.20096778869629
8062,20.11394500732422
8063,20.051002502441406
8064,20.07889747619629
8065,19.935131072998047
8066,19.874095916748047
8067,19.800901412963867
8068,19.80519294738769
8069,19.654035568237305
8070,19.67692375183105
8071,19.59109306335449
8072,19.5310115814209
8073,19.45209503173828
8074,19.383907318115234
8075,19.31190490722656
8076,19.24991607666016
8077,19.16193962097168
8078,19.134998321533203
8079,19.024133682250977
8080,19.018888473510746
8081,18.931150436401367
8082,18.89801025390625
8083,18.830060958862305
8084,18.756866455078125
8085,18.693923950195312
8086,18.65410804748535
8087,18.54896545410156
8088,18.54395866394043
8089,18.42808723449707
8090,18.40400695800781
8091,18.347978591918945
8092,18.24522018432617
8093,18.18513870239257
8094,18.106937408447266
8095,18.02396774291992
8096,17.973899841308594
8097,17.88806915283203
8098,17.875194549560547
8099,17.756938934326172
8100,17.771005630493164
8101,17.6699161529541
8102,17.611026763916016
8103,17.539024353027344
8104,17.46201515197754
8105,17.390966415405273
8106,17.32611656188965
8107,17.25292205810547
8108,17.21811294555664
8109,17.180919647216797
8110,17.09890365600586
8111,17.045974731445312
8112,16.96300506591797
8113,16.891956329345703
8114,16.813993453979492
8115,16.77107810974121
8116,16.736984252929688
8117,16.604900360107422
8118,16.582965850830078
8119,16.524076461791992
8120,16.466856002807617
8121,16.375064849853516
8122,16.323089599609375
8123,16.25990867614746
8124,16.18790626525879
8125,21.192073822021484
8126,21.078109741210938
8127,21.02184295654297
8128,20.96104621887207
8129,20.865917205810547
8130,20.802021026611328
8131,20.74003219604492
8132,20.67112922668457
8133,20.643949508666992
8134,20.557165145874023
8135,20.518064498901367
8136,20.45297622680664
8137,20.39480209350586
8138,20.312070846557617
8139,20.23196220397949
8140,20.173072814941406
8141,20.09296417236328
8142,20.050048828125
8143,19.958972930908203
8144,19.90008354187012
8145,19.819021224975582
8146,19.757986068725582
8147,19.73795890808105
8148,19.636869430541992
8149,19.61088180541992
8150,19.54793930053711
8151,19.47307586669922
8152,19.39892768859864
8153,19.320011138916016
8154,19.28091049194336
8155,19.17290687561035
8156,19.140958786010746
8157,19.11282539367676
8158,18.97192001342773
8159,18.988847732543945
8160,18.871068954467773
8161,18.837928771972656
8162,18.76688003540039
8163,18.690109252929688
8164,18.626928329467773
8165,18.555879592895508
8166,18.473148345947266
8167,18.40400695800781
8168,18.33891868591309
8169,18.323183059692383
8170,18.24593544006348
8171,18.208026885986328
8172,18.0959701538086
8173,18.069982528686523
8174,17.997026443481445
8175,17.920970916748047
8176,17.8530216217041
8177,17.784833908081055
8178,17.72785186767578
8179,17.73381233215332
8180,17.62104034423828
8181,17.538070678710938
8182,17.490148544311523
8183,17.47298240661621
8184,17.32921600341797
8185,17.315149307250977
8186,17.268896102905273
8187,17.20404624938965
8188,17.134904861450195
8189,17.061948776245117
8190,16.978979110717773
8191,16.92509651184082
8192,16.87002182006836
8193,16.791105270385742
8194,16.733169555664062
8195,16.677141189575195
8196,16.591787338256836
8197,16.585111618041992
8198,16.460180282592773
8199,16.446828842163086
8200,16.412019729614258
8201,16.324996948242188
8202,16.288042068481445
8203,16.18814468383789
8204,21.17514610290528
8205,21.02589607238769
8206,21.03900909423828
8207,20.953893661499023
8208,20.893096923828125
8209,20.80893516540528
8210,20.734071731567383
8211,20.68686485290528
8212,20.633935928344727
8213,20.54715156555176
8214,20.463943481445312
8215,20.41196823120117
8216,20.400047302246094
8217,20.2631950378418
8218,20.248889923095703
8219,20.181894302368164
8220,20.11394500732422
8221,20.03788948059082
8222,19.967079162597656
8223,19.91105079650879
8224,19.841909408569336
8225,19.7749137878418
8226,19.76895332336425
8227,19.637107849121094
8228,19.627809524536133
8229,19.568920135498047
8230,19.49000358581543
8231,19.412994384765625
8232,19.369125366210938
8233,19.298791885375977
8234,19.221067428588867
8235,19.146203994750977
8236,19.077062606811523
8237,19.03700828552246
8238,19.020795822143555
8239,18.85104179382324
8240,18.871068954467773
8241,18.784046173095703
8242,18.76997947692871
8243,18.665075302124023
8244,18.60904693603516
8245,18.55111122131348
8246,18.451929092407227
8247,18.36991310119629
8248,18.308162689208984
8249,18.313884735107425
8250,18.26000213623047
8251,18.176794052124023
8252,18.10908317565918
8253,18.052101135253903
8254,17.971038818359375
8255,17.911911010742188
8256,17.83609390258789
8257,17.828941345214844
8258,17.68016815185547
8259,17.71688461303711
8260,17.570018768310547
8261,17.56000518798828
8262,17.488956451416016
8263,17.403841018676758
8264,17.362117767333984
8265,17.435073852539062
8266,17.238140106201172
8267,17.15397834777832
8268,17.088890075683594
8269,17.081022262573242
8270,16.96300506591797
8271,16.94798469543457
8272,16.875028610229492
8273,16.813039779663086
8274,16.715049743652344
8275,16.661882400512695
8276,16.585826873779297
8277,16.525983810424805
8278,16.44301414489746
8279,16.444921493530273
8280,16.309022903442383
8281,16.2811279296875
8282,16.228914260864258
8283,21.140098571777344
8284,21.045923233032227
8285,21.027088165283203
8286,20.91813087463379
8287,20.942211151123047
8288,20.78509330749512
8289,20.77603340148925
8290,20.6899642944336
8291,20.6601619720459
8292,20.550966262817383
8293,20.49422264099121
8294,20.40910720825196
8295,20.325899124145508
8296,20.32089233398437
8297,20.28107643127441
8298,20.19596099853516
8299,20.14899253845215
8300,20.064830780029297
8301,20.008087158203125
8302,19.94800567626953
8303,19.870996475219727
8304,19.84691619873047
8305,19.78588104248047
8306,19.70505714416504
8307,19.608020782470703
8308,19.5620059967041
8309,19.52099800109864
8310,19.422054290771484
8311,19.35696601867676
8312,19.34409141540528
8313,19.214868545532227
8314,19.14691925048828
8315,19.09494400024414
8316,19.088029861450195
8317,19.020795822143555
8318,18.91183853149414
8319,18.867015838623047
8320,18.78023147583008
8321,18.73207092285156
8322,18.603086471557617
8323,18.57304573059082
8324,18.57805252075196
8325,18.435001373291016
8326,18.42594146728516
8327,18.37611198425293
8328,18.297910690307617
8329,18.255949020385746
8330,18.18108558654785
8331,18.117904663085938
8332,18.0511474609375
8333,17.98105239868164
8334,17.898082733154297
8335,17.863035202026367
8336,17.83609390258789
8337,17.70305633544922
8338,17.683982849121094
8339,17.620086669921875
8340,17.561912536621094
8341,17.468929290771484
8342,17.40884780883789
8343,17.353057861328125
8344,17.295122146606445
8345,17.210006713867188
8346,17.20404624938965
8347,17.09604263305664
8348,17.069101333618164
8349,17.005205154418945
8350,16.927003860473633
8351,16.88218116760254
8352,16.78609848022461
8353,16.73603057861328
8354,16.668081283569336
8355,16.63517951965332
8356,16.546010971069336
8357,16.475915908813477
8358,16.405105590820312
8359,16.347169876098633
8360,16.35003089904785
8361,16.177892684936523
8362,21.167993545532227
8363,21.10505104064941
8364,21.05498313903809
8365,21.033048629760746
8366,20.915985107421875
8367,20.90096473693848
8368,20.816802978515625
8369,20.759105682373047
8370,20.67899703979492
8371,20.63608169555664
8372,20.56312561035156
8373,20.49708366394043
8374,20.420074462890625
8375,20.359039306640625
8376,20.298004150390625
8377,20.30014991760254
8378,20.149946212768555
8379,20.145893096923828
8380,20.08795738220215
8381,20.03693580627441
8382,19.902944564819336
8383,19.91796493530273
8384,19.83809471130371
8385,19.7451114654541
8386,19.681930541992188
8387,19.6218490600586
8388,19.55604553222656
8389,19.46401596069336
8390,19.387006759643555
8391,19.40703392028809
8392,19.27804946899414
8393,19.272804260253903
8394,19.201993942260746
8395,19.15311813354492
8396,19.0582275390625
8397,19.01507377624512
8398,18.918991088867188
8399,18.85914802551269
8400,18.807172775268555
8401,18.79096031188965
8402,18.64910125732422
8403,18.64504814147949
8404,18.58401298522949
8405,18.505096435546875
8406,18.4628963470459
8407,18.362998962402344
8408,18.29695701599121
8409,18.227100372314453
8410,18.149852752685547
8411,18.15104484558105
8412,18.06211471557617
8413,17.997026443481445
8414,17.920970916748047
8415,17.852067947387695
8416,17.781972885131836
8417,17.735958099365234
8418,17.634868621826172
8419,17.611980438232422
8420,17.52185821533203
8421,17.455101013183594
8422,17.391204833984375
8423,17.343997955322266
8424,17.251014709472656
8425,17.266035079956055
8426,17.141103744506836
8427,17.07005500793457
8428,17.00305938720703
8429,16.993999481201172
8430,16.906023025512695
8431,16.862154006958008
8432,16.785144805908203
8433,16.705036163330078
8434,16.653776168823242
8435,16.571998596191406
8436,16.496896743774414
8437,16.479015350341797
8438,16.34693145751953
8439,16.310930252075195
8440,16.279220581054688
8441,16.223907470703125
8442,21.1482048034668
8443,21.05498313903809
8444,20.975828170776367
8445,20.884037017822266
8446,20.91503143310547
8447,20.83778381347656
8448,20.765066146850582
8449,20.68305015563965
8450,20.62320709228516
8451,20.54095268249512
8452,20.46990394592285
8453,20.41196823120117
8454,20.386934280395508
8455,20.275115966796875
8456,20.20406723022461
8457,20.12300491333008
8458,20.13397216796875
8459,19.98209953308105
8460,19.99187469482422
8461,19.93012428283692
8462,19.88387107849121
8463,19.77801322937012
8464,19.722938537597656
8465,19.659996032714844
8466,19.629955291748047
8467,19.513845443725582
8468,19.53411102294922
8469,19.361019134521484
8470,19.359111785888672
8471,19.28496360778809
8472,19.24991607666016
8473,19.149065017700195
8474,19.09399032592773
8475,19.002914428710938
8476,18.9359188079834
8477,18.865108489990234
8478,18.844127655029297
8479,18.71013641357422
8480,18.707990646362305
8481,18.635034561157227
8482,18.57995986938477
8483,18.525123596191406
8484,18.442869186401367
8485,18.377065658569336
8486,18.360137939453125
8487,18.23592185974121
8488,18.254995346069336
8489,18.17798614501953
8490,18.12911033630371
8491,18.054962158203125
8492,17.995119094848633
8493,17.97008514404297
8494,17.853975296020508
8495,17.83013343811035
8496,17.768144607543945
8497,17.6999568939209
8498,17.657041549682617
8499,17.590999603271484
8500,17.521142959594727
8501,17.436981201171875
8502,17.35711097717285
8503,17.29106903076172
8504,17.232894897460938
8505,17.161846160888672
8506,17.106056213378906
8507,17.135143280029297
8508,16.99209213256836
8509,16.952037811279297
8510,16.900062561035156
8511,16.795873641967773
8512,16.75701141357422
8513,16.674041748046875
8514,16.5860652923584
8515,16.582965850830078
8516,16.469955444335938
8517,16.448020935058594
8518,16.386985778808594
8519,16.319990158081055
8520,16.247034072875977
8521,21.151065826416016
8522,21.08693122863769
8523,21.007061004638672
8524,20.94697952270508
8525,20.923852920532227
8526,20.79296112060547
8527,20.7979679107666
8528,20.721912384033203
8529,20.65396308898925
8530,20.602941513061523
8531,20.54405212402344
8532,20.47204971313477
8533,20.38884162902832
8534,20.29609680175781
8535,20.277976989746094
8536,20.25604248046875
8537,20.21193504333496
8538,20.11704444885254
8539,20.050048828125
8540,19.984006881713867
8541,19.90199089050293
8542,19.840002059936523
8543,19.752979278564453
8544,19.752979278564453
8545,19.61493492126465
8546,19.63210105895996
8547,19.50287818908692
8548,19.467830657958984
8549,19.41180229187012
8550,19.34099197387696
8551,19.28019523620605
8552,19.21892166137696
8553,19.19698715209961
8554,19.10114288330078
8555,19.01698112487793
8556,18.955230712890625
8557,18.867015838623047
8558,18.87202262878418
8559,18.70584487915039
8560,18.72491836547852
8561,18.650054931640625
8562,18.59402656555176
8563,18.533945083618164
8564,18.47696304321289
8565,18.387794494628903
8566,18.325090408325195
8567,18.25094223022461
8568,18.262147903442383
8569,18.17607879638672
8570,18.12601089477539
8571,18.049001693725582
8572,17.98391342163086
8573,17.904996871948242
8574,17.837047576904297
8575,17.7609920501709
8576,17.754077911376953
8577,17.60387420654297
8578,17.602920532226562
8579,17.51995086669922
8580,17.440080642700195
8581,17.387866973876953
8582,17.323970794677734
8583,17.26078987121582
8584,17.18902587890625
8585,17.106056213378906
8586,17.127037048339844
8587,16.965866088867188
8588,16.954898834228516
8589,16.89004898071289
8590,16.82901382446289
8591,16.75701141357422
8592,16.70098304748535
8593,16.604900360107422
8594,16.603946685791016
8595,16.46709442138672
8596,16.47806167602539
8597,16.39103889465332
8598,16.33596420288086
8599,16.26300811767578
8600,16.209840774536133
8601,21.18802070617676
8602,21.052122116088867
8603,21.05998992919922
8604,20.99204063415528
8605,20.914077758789062
8606,20.828962326049805
8607,20.77913284301757
8608,20.72882652282715
8609,20.63918113708496
8610,20.602941513061523
8611,20.520925521850582
8612,20.45583724975586
8613,20.39313316345215
8614,20.29109001159668
8615,20.303964614868164
8616,20.155906677246094
8617,20.160913467407227
8618,20.061016082763672
8619,20.016908645629883
8620,19.929170608520508
8621,19.871950149536133
8622,19.78302001953125
8623,19.726037979125977
8624,19.665002822875977
8625,19.641876220703125
8626,19.514083862304688
8627,19.498825073242188
8628,19.43802833557129
8629,19.376039505004883
8630,19.28997039794922
8631,19.229888916015625
8632,19.15788650512696
8633,19.16813850402832
8634,19.018888473510746
8635,18.9971923828125
8636,18.93782615661621
8637,18.868207931518555
8638,18.79501342773437
8639,18.73302459716797
8640,18.66912841796875
8641,18.60499382019043
8642,18.53799819946289
8643,18.47505569458008
8644,18.423080444335938
8645,18.36109161376953
8646,18.27096939086914
8647,18.28479766845703
8648,18.1269645690918
8649,18.11385154724121
8650,18.052101135253903
8651,17.973899841308594
8652,17.908096313476562
8653,17.832040786743164
8654,17.741918563842773
8655,17.71092414855957
8656,17.625093460083008
8657,17.64512062072754
8658,17.494916915893555
8659,17.48490333557129
8660,17.420053482055664
8661,17.361164093017578
8662,17.28200912475586
8663,17.23003387451172
8664,17.15397834777832
8665,17.094135284423828
8666,17.04096794128418
8667,17.075777053833008
8668,16.925811767578125
8669,16.85500144958496
8670,16.782045364379883
8671,16.700029373168945
8672,16.633987426757812
8673,16.63494110107422
8674,16.479015350341797
8675,16.522884368896484
8676,16.42894744873047
8677,16.338825225830078
8678,16.297101974487305
8679,16.229867935180664
8680,21.20685577392578
8681,21.13485336303711
8682,21.08287811279297
8683,21.00682258605957
8684,20.92790603637696
8685,20.86091041564941
8686,20.786046981811523
8687,20.71690559387207
8688,20.654916763305664
8689,20.6148624420166
8690,20.57480812072754
8691,20.47896385192871
8692,20.457029342651367
8693,20.30205726623535
8694,20.312070846557617
8695,20.22910118103028
8696,20.181894302368164
8697,20.10488510131836
8698,20.03812789916992
8699,19.97709274291992
8700,19.912004470825195
8701,19.816875457763672
8702,19.823074340820312
8703,19.73915100097656
8704,19.702911376953125
8705,19.564151763916016
8706,19.55199241638184
8707,19.49095726013184
8708,19.422054290771484
8709,19.3471908569336
8710,19.28591728210449
8711,19.21701431274414
8712,19.138097763061523
8713,19.07515525817871
8714,19.00792121887207
8715,18.936872482299805
8716,18.943071365356445
8717,18.7990665435791
8718,18.78190040588379
8719,18.73993873596192
8720,18.64290237426757
8721,18.58806610107422
8722,18.50104331970215
8723,18.429994583129883
8724,18.393993377685547
8725,18.316984176635746
8726,18.240928649902344
8727,18.25094223022461
8728,18.164873123168945
8729,18.10002326965332
8730,18.04804801940918
8731,18.01919937133789
8732,17.91977882385254
8733,17.852067947387695
8734,17.789840698242188
8735,17.76599884033203
8736,17.64702796936035
8737,17.648935317993164
8738,17.544984817504883
8739,17.504215240478516
8740,17.421960830688477
8741,17.344951629638672
8742,17.293930053710938
8743,17.21787452697754
8744,17.1511173248291
8745,17.13395118713379
8746,17.004013061523438
8747,16.991138458251953
8748,16.926050186157227
8749,16.849994659423828
8750,16.79396629333496
8751,16.72196388244629
8752,16.63994789123535
8753,16.569852828979492
8754,16.505002975463867
8755,16.457080841064453
8756,16.371965408325195
8757,16.302824020385742
8758,16.22605323791504
8759,16.22796058654785
8760,21.155834197998047
8761,21.07381820678711
8762,21.01588249206543
8763,20.92790603637696
8764,20.848989486694336
8765,20.80607414245605
8766,20.718812942504883
8767,20.66302299499512
8768,20.596981048583984
8769,20.52593231201172
8770,20.47300338745117
8771,20.45607566833496
8772,20.333051681518555
8773,20.33209800720215
8774,20.295143127441406
8775,20.210981369018555
8776,20.13516426086425
8777,20.077943801879883
8778,20.00594139099121
8779,19.93107795715332
8780,19.932031631469727
8781,19.78111267089844
8782,19.7908878326416
8783,19.708871841430664
8784,19.637107849121094
8785,19.59705352783203
8786,19.49405670166016
8787,19.427061080932617
8788,19.36197280883789
8789,19.275903701782227
8790,19.21916007995605
8791,19.145965576171875
8792,19.138097763061523
8793,18.991947174072266
8794,19.00005340576172
8795,18.91088485717773
8796,18.85104179382324
8797,18.80788803100586
8798,18.7067985534668
8799,18.625974655151367
8800,18.57995986938477
8801,18.52607727050781
8802,18.52703094482422
8803,18.368959426879883
8804,18.379926681518555
8805,18.31793785095215
8806,18.23902130126953
8807,18.19300651550293
8808,18.097877502441406
8809,18.037080764770508
8810,18.001079559326172
8811,17.91095733642578
8812,17.838001251220703
8813,17.770051956176758
8814,17.789125442504883
8815,17.63176918029785
8816,17.64392852783203
8817,17.570972442626953
8818,17.498016357421875
8819,17.431020736694336
8820,17.34304428100586
8821,17.27890968322754
8822,17.229080200195312
8823,17.174959182739258
8824,17.138957977294922
8825,17.010927200317383
8826,16.99090003967285
8827,16.928911209106445
8828,16.86716079711914
8829,16.77703857421875
8830,16.746997833251953
8831,16.668081283569336
8832,16.60609245300293
8833,16.554832458496094
8834,16.46900177001953
8835,16.433000564575195
8836,16.352176666259766
8837,16.268014907836914
8838,16.26110076904297
8839,21.15607261657715
8840,21.11291885375977
8841,21.03710174560547
8842,20.930051803588867
8843,20.96390724182129
8844,20.80702781677246
8845,20.79010009765625
8846,20.73502540588379
8847,20.648956298828125
8848,20.58100700378418
8849,20.524978637695312
8850,20.45297622680664
8851,20.390033721923828
8852,20.31707763671875
8853,20.267009735107425
8854,20.18404006958008
8855,20.200014114379883
8856,20.05195617675781
8857,20.058155059814453
8858,19.96111869812012
8859,19.91486549377441
8860,19.77205276489257
8861,19.7601318359375
8862,19.70195770263672
8863,19.61994171142578
8864,19.565105438232425
8865,19.49095726013184
8866,19.442081451416016
8867,19.39105987548828
8868,19.37103271484375
8869,19.27804946899414
8870,19.17409896850586
8871,19.19698715209961
8872,19.109010696411133
8873,19.017934799194336
8874,18.962860107421875
8875,18.88895034790039
8876,18.83101463317871
8877,18.76401901245117
8878,18.687009811401367
8879,18.689870834350582
8880,18.535137176513672
8881,18.52607727050781
8882,18.403053283691406
8883,18.39900016784668
8884,18.301010131835938
8885,18.27287673950196
8886,18.189191818237305
8887,18.16701889038086
8888,18.06306838989257
8889,18.008947372436523
8890,17.94600486755371
8891,17.882108688354492
8892,17.858028411865234
8893,17.752885818481445
8894,17.66800880432129
8895,17.654895782470703
8896,17.516136169433594
8897,17.52185821533203
8898,17.45295524597168
8899,17.394065856933594
8900,17.302989959716797
8901,17.240047454833984
8902,17.178058624267578
8903,17.188072204589844
8904,17.030000686645508
8905,17.028093338012695
8906,16.947031021118164
8907,16.89314842224121
8908,16.819000244140625
8909,16.746997833251953
8910,16.668081283569336
8911,16.598939895629883
8912,16.559839248657227
8913,16.53599739074707
8914,16.425132751464844
8915,16.424894332885742
8916,16.267061233520508
8917,16.281843185424805
8918,21.192073822021484
8919,21.106958389282227
8920,21.10791206359864
8921,20.982027053833008
8922,20.98703384399414
8923,20.90096473693848
8924,20.823955535888672
8925,20.77198028564453
8926,20.6899642944336
8927,20.62106132507324
8928,20.55883407592773
8929,20.493030548095703
8930,20.42698860168457
8931,20.399093627929688
8932,20.322799682617188
8933,20.25890350341797
8934,20.24698257446289
8935,20.1261043548584
8936,20.093917846679688
8937,20.04098892211914
8938,19.92201805114746
8939,19.884109497070312
8940,19.79613304138184
8941,19.726037979125977
8942,19.65498924255371
8943,19.59013938903809
8944,19.546031951904297
8945,19.46091651916504
8946,19.454002380371094
8947,19.331932067871094
8948,19.315004348754883
8949,19.24419403076172
8950,19.1640853881836
8951,19.13285255432129
8952,19.04892921447754
8953,19.00196075439453
8954,18.90110969543457
8955,18.84293556213379
8956,18.769025802612305
8957,18.70584487915039
8958,18.677949905395508
8959,18.56207847595215
8960,18.542051315307617
8961,18.496990203857425
8962,18.44191551208496
8963,18.3560848236084
8964,18.2950496673584
8965,18.20898056030273
8966,18.138885498046875
8967,18.121957778930664
8968,17.998933792114258
8969,18.001079559326172
8970,17.942190170288086
8971,17.876148223876953
8972,17.78388023376465
8973,17.740964889526367
8974,17.663955688476562
8975,17.58885383605957
8976,17.566919326782227
8977,17.503976821899414
8978,17.420053482055664
8979,17.416954040527344
8980,17.258882522583008
8981,17.27008819580078
8982,17.18306541442871
8983,17.1201229095459
8984,17.015933990478516
8985,17.004966735839844
8986,16.930103302001953
8987,16.874074935913086
8988,16.77107810974121
8989,16.714096069335938
8990,16.64900779724121
8991,16.65186882019043
8992,16.529083251953125
8993,16.520977020263672
8994,16.443967819213867
8995,16.40009880065918
8996,16.28899574279785
8997,16.25204086303711
8998,21.1489200592041
8999,21.160125732421875
9000,21.02804183959961
